Watched Movie,First Recommendation,Second Recommendation,Third Recommendation,Fourth Recommendation,Fifth Recommendation
The Shawshank Redemption,12 Angry Men,Crash,Happiness,Amores perros,Hævnen
The Godfather,Gisaengchung,The Lion King,Scarface,Being There,Scarface: The Shame of the Nation
The Dark Knight,Avengers: Infinity War,Avengers: Endgame,The Dark Knight Rises,The Avengers,X-Men: Days of Future Past
The Godfather: Part II,Goodfellas,Blow,The Wolf of Wall Street,The Untouchables,The Godfather: Part III
12 Angry Men,The Verdict,Witness for the Prosecution,Contratiempo,Anatomy of a Murder,The Shawshank Redemption
The Lord of the Rings: The Return of the King,The Lord of the Rings: The Two Towers,The Lord of the Rings: The Fellowship of the Ring,The Hobbit: The Desolation of Smaug,The Hobbit: An Unexpected Journey,Harry Potter and the Deathly Hallows: Part 2
Pulp Fiction,Casino,"Lock, Stock and Two Smoking Barrels",L.A. Confidential,Per un pugno di dollari,Goodfellas
Schindler's List,Zwartboek,Inglourious Basterds,Dunkirk,The Pianist,To Be or Not to Be
Inception,Ex Machina,Baby,Double Indemnity,PK,The Bourne Ultimatum
Fight Club,A Night at the Opera,Ace in the Hole,Aladdin,Lat sau san taam,Being There
The Lord of the Rings: The Fellowship of the Ring,The Lord of the Rings: The Return of the King,The Lord of the Rings: The Two Towers,The Hobbit: An Unexpected Journey,The Hobbit: The Desolation of Smaug,Thor: Ragnarok
Forrest Gump,Doctor Zhivago,Ray,Ba wang bie ji,Letters from Iwo Jima,El secreto de sus ojos
"Il buono, il brutto, il cattivo",Tenkû no shiro Rapyuta,Rupan sansei: Kariosutoro no shiro,The Maltese Falcon,Once Upon a Time in the West,The Hateful Eight
The Lord of the Rings: The Two Towers,The Lord of the Rings: The Return of the King,The Lord of the Rings: The Fellowship of the Ring,The Hobbit: The Desolation of Smaug,The Hobbit: An Unexpected Journey,Star Wars: Episode VII - The Force Awakens
The Matrix,Harry Potter and the Sorcerer's Stone,Rupan sansei: Kariosutoro no shiro,Despicable Me,The Lego Movie,The Elephant Man
Goodfellas,The Godfather: Part II,The Wolf of Wall Street,Blow,Malcolm X,Walk the Line
Star Wars: Episode V - The Empire Strikes Back,Star Wars,Star Wars: Episode VI - Return of the Jedi,Star Wars: Episode VII - The Force Awakens,Thor: Ragnarok,Star Trek
One Flew Over the Cuckoo's Nest,Down by Law,Cool Hand Luke,Papillon,Das Experiment,The Bourne Identity
Hamilton,Bohemian Rhapsody,Ray,Walk the Line,Malcolm X,The King's Speech
Gisaengchung,The Godfather,Once Were Warriors,Udta Punjab,Ordinary People,Spotlight
Soorarai Pottru,Lage Raho Munna Bhai,G.O.R.A.,Paan Singh Tomar,Rockstar,Dangal
Interstellar,Gravity,WALL·E,Arrival,Predator,Solaris
Cidade de Deus,La double vie de Véronique,Lethal Weapon,Celda 211,Yôjinbô,Nightcrawler
Sen to Chihiro no kamikakushi,The Exorcist,Harry Potter and the Sorcerer's Stone,The Florida Project,Mad Max: Fury Road,Coraline
Saving Private Ryan,Black Hawk Down,Hacksaw Ridge,The Dirty Dozen,Apocalypse Now,Dunkirk
The Green Mile,Primal Fear,Salinui chueok,Talvar,In the Heat of the Night,Just Mercy
La vita è bella,Captain Fantastic,Jeux d'enfants,Platoon,The Dark Knight,Ordinary People
Se7en,The Silence of the Lambs,Batman: Mask of the Phantasm,Ang-ma-reul bo-at-da,Pulp Fiction,Per qualche dollaro in più
The Silence of the Lambs,The Bourne Ultimatum,Serbuan maut,Captain America: The Winter Soldier,Dirty Harry,Stalag 17
Star Wars,Star Wars: Episode V - The Empire Strikes Back,Star Wars: Episode VI - Return of the Jedi,Star Wars: Episode VII - The Force Awakens,Star Trek II: The Wrath of Khan,Star Trek
Seppuku,Mononoke-hime,Kagemusha,Baahubali 2: The Conclusion,Kind Hearts and Coronets,Jûbê ninpûchô
Shichinin no samurai,The Magnificent Seven,Kakushi-toride no san-akunin,Nefes: Vatan Sagolsun,Paths of Glory,Zulu
It's a Wonderful Life,About Time,Jagten,Dark City,Hera Pheri,Wreck-It Ralph
Joker,Deadpool 2,The Dark Knight,Dom za vesanje,Dirty Harry,The Elephant Man
Whiplash,Boogie Nights,Die Welle,The King of Comedy,Ondskan,Kick-Ass
The Intouchables,The Straight Story,The Sound of Music,My Left Foot: The Story of Christy Brown,City Lights,The African Queen
The Prestige,Jeux d'enfants,The Avengers,Avengers: Infinity War,Happiness,"Monsters, Inc."
The Departed,The French Connection,Mou gaan dou,Lat sau san taam,Sholay,North by Northwest
The Pianist,Empire of the Sun,Zwartboek,Idi i smotri,Schindler's List,Hotaru no haka
Gladiator,Ben-Hur,Spartacus,The Lion King,Blazing Saddles,Man on Fire
American History X,Cape Fear,His Girl Friday,Dead Man's Shoes,Ferris Bueller's Day Off,Munna Bhai M.B.B.S.
The Usual Suspects,Saw,Papillon,Heat,No Country for Old Men,Salinui chueok
Léon,La Vie En Rose,Vikram Vedha,The Girl with the Dragon Tattoo,Lilja 4-ever,Atonement
The Lion King,The Lion in Winter,Hamlet,Kind Hearts and Coronets,The Great Dictator,Gladiator
Terminator 2: Judgment Day,The Terminator,Captain America: The Winter Soldier,Star Wars: Episode VII - The Force Awakens,Vampire Hunter D: Bloodlust,Star Wars
Nuovo Cinema Paradiso,"Synecdoche, New York",Midnight in Paris,Billy Elliot,Manhattan,The Artist
Hotaru no haka,Empire of the Sun,The Pianist,Idi i smotri,The Last of the Mohicans,Patton
Back to the Future,Mary and Max,Call Me by Your Name,Titanic,Deadpool 2,Me and Earl and the Dying Girl
Once Upon a Time in the West,Django Unchained,"Il buono, il brutto, il cattivo",Rupan sansei: Kariosutoro no shiro,The Maltese Falcon,White Heat
Psycho,À bout de souffle,Gilda,True Romance,The Night of the Hunter,Boksuneun naui geot
Casablanca,To Have and Have Not,Taken,Gilda,Crimes and Misdemeanors,Le passé
Modern Times,The Circus,The Kid,Gully Boy,Million Dollar Baby,Vivre sa vie: Film en douze tableaux
City Lights,Days of Heaven,Aladdin,Gake no ue no Ponyo,Freaks,Bringing Up Baby
Capharnaüm,Udaan,I Am Sam,25th Hour,Cool Hand Luke,The Exorcist
Ayla: The Daughter of War,Mandariinid,Paddington 2,Klaus,Omoide no Mânî,Dom za vesanje
Vikram Vedha,The 39 Steps,Leviafan,Léon,Lilja 4-ever,Sholay
Kimi no na wa.,Hera Pheri,Dil Chahta Hai,Happiness,Barfi!,Hævnen
Dangal,Paan Singh Tomar,Chak De! India,Lage Raho Munna Bhai,M.S. Dhoni: The Untold Story,Huo Yuan Jia
Spider-Man: Into the Spider-Verse,Death Note: Desu nôto,The Fifth Element,Star Trek Into Darkness,Blade Runner,Avengers: Infinity War
Avengers: Endgame,Avengers: Infinity War,Star Trek Into Darkness,Thor: Ragnarok,X-Men: Days of Future Past,The Dark Knight
Avengers: Infinity War,Avengers: Endgame,The Avengers,The Dark Knight,X-Men: Days of Future Past,Star Trek Into Darkness
Coco,The Godfather: Part III,Hamilton,Hamlet,The Ten Commandments,Les triplettes de Belleville
Django Unchained,Once Upon a Time in the West,Vampire Hunter D: Bloodlust,Wind River,True Grit,The Searchers
The Dark Knight Rises,Thor: Ragnarok,The Dark Knight,Batman Begins,Star Wars,Avengers: Endgame
3 Idiots,Jeux d'enfants,When Harry Met Sally...,Central do Brasil,La double vie de Véronique,The Breakfast Club
Taare Zameen Par,Ondskan,Home Alone,Gake no ue no Ponyo,I Am Sam,Harvey
WALL·E,Twelve Monkeys,Interstellar,Planet of the Apes,Gattaca,Star Trek Into Darkness
The Lives of Others,Doctor Zhivago,To Be or Not to Be,Zwartboek,Schindler's List,The Conversation
Oldeuboi,Eskiya,Ben-Hur,Down by Law,Hamlet,Cool Hand Luke
Memento,Auf der anderen Seite,"Three Billboards Outside Ebbing, Missouri",Madeo,Dial M for Murder,Trois couleurs: Bleu
Mononoke-hime,Moana,Death Note: Desu nôto,How to Train Your Dragon 2,The Lord of the Rings: The Fellowship of the Ring,The Lord of the Rings: The Two Towers
Once Upon a Time in America,Ray,The Godfather: Part II,The Untouchables,The Best Years of Our Lives,Halloween
Raiders of the Lost Ark,Indiana Jones and the Last Crusade,Zwartboek,Inglourious Basterds,The Imitation Game,Schindler's List
The Shining,Ôkami kodomo no Ame to Yuki,Jungfrukällan,Road to Perdition,The Princess Bride,Hauru no ugoku shiro
Apocalypse Now,The Dirty Dozen,Hacksaw Ridge,Saving Private Ryan,Black Hawk Down,Inglourious Basterds
Alien,The Game,The Terminator,The Martian,Serenity,Star Trek Into Darkness
Anand,Trois couleurs: Bleu,Dark City,50/50,Smultronstället,Ikiru
Tengoku to jigoku,Boksuneun naui geot,Chugyeokja,Gilda,North by Northwest,Haider
Dr. Strangelove or: How I Learned to Stop Worrying and Love the Bomb,The Iron Giant,The Manchurian Candidate,Underground,Akira,Guardians of the Galaxy
Witness for the Prosecution,12 Angry Men,Contratiempo,Anatomy of a Murder,The Verdict,Dark Waters
Paths of Glory,Uri: The Surgical Strike,The Bridge on the River Kwai,1917,Saving Private Ryan,Dunkirk
Rear Window,Drive,Wait Until Dark,In a Lonely Place,Le locataire,The Conversation
Sunset Blvd.,Lost in Translation,The Artist,A Star Is Born,Birdman or (The Unexpected Virtue of Ignorance),Manhattan
The Great Dictator,Duck Soup,The Lion King,Gran Torino,The Naked Gun: From the Files of Police Squad!,Das Cabinet des Dr. Caligari
1917,La Grande Illusion,Black Hawk Down,Paths of Glory,The Terminator,Das Experiment
Tumbbad,Waking Life,Spider-Man: Into the Spider-Verse,Death Note: Desu nôto,Planet of the Apes,Frankenstein
Andhadhun,It's a Wonderful Life,Seven Pounds,About Time,Abre los ojos,Misery
Drishyam,Drishyam,"Three Billboards Outside Ebbing, Missouri",12 Angry Men,Les yeux sans visage,Strangers on a Train
Jagten,About Time,Dev.D,The Station Agent,Bacheha-Ye aseman,Kal Ho Naa Ho
Jodaeiye Nader az Simin,Captain Fantastic,Ôkami kodomo no Ame to Yuki,The Station Agent,Trois couleurs: Bleu,Nelyubov
Incendies,Tonari no Totoro,Fanny och Alexander,Tôkyô monogatari,Brokeback Mountain,Magnolia
Miracle in cell NO.7,"Shin seiki Evangelion Gekijô-ban: Air/Magokoro wo, kimi ni",Omoide no Mânî,Gran Torino,Bound by Honor,Klaus
Babam ve Oglum,La battaglia di Algeri,The Last King of Scotland,Tropa de Elite 2: O Inimigo Agora é Outro,Raazi,Judgment at Nuremberg
Inglourious Basterds,Zwartboek,The Dirty Dozen,Schindler's List,Stalag 17,To Be or Not to Be
Eternal Sunshine of the Spotless Mind,Nelyubov,Fa yeung nin wah,The Prestige,Who's Afraid of Virginia Woolf?,Dil Chahta Hai
Amélie,La vie d'Adèle,Toki o kakeru shôjo,Kal Ho Naa Ho,Tangled,Black
Snatch,"Lock, Stock and Two Smoking Barrels",Blood Diamond,Special Chabbis,Casino,A Night at the Opera
Requiem for a Dream,Fanny och Alexander,Relatos salvajes,Short Cuts,Crash,The Lost Weekend
American Beauty,Manhattan,The Graduate,Crimes and Misdemeanors,Jab We Met,Get Out
Good Will Hunting,Scent of a Woman,Ed Wood,Kick-Ass,Shine,Dallas Buyers Club
Bacheha-Ye aseman,About Time,Jagten,The Butterfly Effect,Wreck-It Ralph,"Monsters, Inc."
Toy Story,Toy Story 2,The Iron Giant,Toy Story 4,The Circus,Bride of Frankenstein
Braveheart,The Adventures of Robin Hood,A Man for All Seasons,The Man Who Would Be King,Lawrence of Arabia,300
Reservoir Dogs,Heat,Saw,Dog Day Afternoon,Mou gaan dou,Drishyam
Full Metal Jacket,The Deer Hunter,The Dirty Dozen,Saving Private Ryan,Hacksaw Ridge,The Killing Fields
Idi i smotri,Empire of the Sun,The Pianist,Zwartboek,Schindler's List,Dunkirk
Aliens,Alien,Serenity,Moon,Star Wars: Episode VII - The Force Awakens,The Bourne Identity
Amadeus,Indiana Jones and the Last Crusade,Loving Vincent,Young Frankenstein,Control,Andrei Rublev
Scarface,The Godfather,White Heat,A Bronx Tale,Touch of Evil,Blazing Saddles
Star Wars: Episode VI - Return of the Jedi,Star Wars,Star Wars: Episode V - The Empire Strikes Back,Star Wars: Episode VII - The Force Awakens,Star Trek II: The Wrath of Khan,Thor: Ragnarok
Das Boot,Underground,The Right Stuff,Touch of Evil,Requiem for a Dream,La planète sauvage
Taxi Driver,American Psycho,Short Term 12,Tropa de Elite 2: O Inimigo Agora é Outro,Casino,Kung fu
The Sting,Per qualche dollaro in più,Du rififi chez les hommes,Mission: Impossible - Fallout,The Killing,Million Dollar Baby
A Clockwork Orange,Sleepers,Scent of a Woman,Where Eagles Dare,Oldeuboi,Du rififi chez les hommes
2001: A Space Odyssey,WALL·E,Star Trek Into Darkness,Arrival,Moon,Ex Machina
Per qualche dollaro in più,The Sting,Lat sau san taam,Mission: Impossible - Fallout,Mou gaan dou,The Killing
Lawrence of Arabia,Letters from Iwo Jima,Dunkirk,Glory,Hacksaw Ridge,Patton
The Apartment,Sleuth,Breakfast at Tiffany's,Zindagi Na Milegi Dobara,Manhattan,The Long Goodbye
North by Northwest,The Manchurian Candidate,The French Connection,Tengoku to jigoku,The Departed,Apocalypse Now
Vertigo,Mysterious Skin,American Beauty,Jules et Jim,The Graduate,Billy Elliot
Singin' in the Rain,Relatos salvajes,Nefes: Vatan Sagolsun,Night on Earth,Fantasia,Fanny och Alexander
Ikiru,Badhaai ho,Trois couleurs: Bleu,Big Fish,Munna Bhai M.B.B.S.,Trois couleurs: Blanc
Ladri di biciclette,Roma,Lion,Auf der anderen Seite,Badhaai ho,A Bronx Tale
Double Indemnity,Inside Man,Crimes and Misdemeanors,Psycho,Chinatown,Special Chabbis
Citizen Kane,The Third Man,JFK,"Shin seiki Evangelion Gekijô-ban: Air/Magokoro wo, kimi ni",Festen,Das Cabinet des Dr. Caligari
M - Eine Stadt sucht einen Mörder,"Three Billboards Outside Ebbing, Missouri",Minority Report,The Taking of Pelham One Two Three,Pink,Reservoir Dogs
Metropolis,Mad Max: Fury Road,La montaña sagrada,Jûbê ninpûchô,The Secret of Kells,Platoon
The Kid,The Circus,Hachi: A Dog's Tale,Du rififi chez les hommes,The Curious Case of Benjamin Button,Marriage Story
Chhichhore,3 Idiots,Cat on a Hot Tin Roof,Me and Earl and the Dying Girl,Omohide poro poro,A Wednesday
Uri: The Surgical Strike,Black Hawk Down,Paths of Glory,Saving Private Ryan,Raazi,The Dirty Dozen
K.G.F: Chapter 1,Apocalypto,Gandhi,Once Were Warriors,The Pianist,The Grapes of Wrath
Green Book,12 Years a Slave,Zwartboek,Hidden Figures,To Have and Have Not,Roma
"Three Billboards Outside Ebbing, Missouri",M - Eine Stadt sucht einen Mörder,Madeo,Memento,Pink,Drishyam
Talvar,Relatos salvajes,Knives Out,In the Heat of the Night,Gone Baby Gone,Batman: Mask of the Phantasm
Baahubali 2: The Conclusion,The Ten Commandments,Seppuku,Moana,Mononoke-hime,Harry Potter and the Half-Blood Prince
Klaus,Paddington 2,God's Own Country,Dom za vesanje,Ayla: The Daughter of War,Omoide no Mânî
Drishyam,Drishyam,"Three Billboards Outside Ebbing, Missouri",Reservoir Dogs,Minority Report,Heat
Queen,Belle de jour,Little Miss Sunshine,Rosemary's Baby,Brief Encounter,Trois couleurs: Blanc
Mandariinid,No Man's Land,Dom za vesanje,Leviafan,Ayla: The Daughter of War,Lilja 4-ever
Bhaag Milkha Bhaag,The Last Emperor,Lage Raho Munna Bhai,Gangs of Wasseypur,The Last King of Scotland,Dangal
Gangs of Wasseypur,Bhaag Milkha Bhaag,Bãhubali: The Beginning,Dangal,Raazi,The Last King of Scotland
Udaan,Capharnaüm,Auf der anderen Seite,The Graduate,Sling Blade,Dead Man's Shoes
Paan Singh Tomar,M.S. Dhoni: The Untold Story,Dangal,Chak De! India,Huo Yuan Jia,The World's Fastest Indian
El secreto de sus ojos,Cat on a Hot Tin Roof,Kramer vs. Kramer,A Wednesday,Forrest Gump,The Man from Earth
Warrior,Creed,Kramer vs. Kramer,The Quiet Man,Cat on a Hot Tin Roof,On Golden Pond
Shutter Island,The Fugitive,The Dirty Dozen,Judgment at Nuremberg,Stalag 17,Apocalypse Now
Up,Rain Man,Nosferatu,Annie Hall,Unforgiven,The Bridges of Madison County
The Wolf of Wall Street,Goodfellas,The Godfather: Part II,Malcolm X,There Will Be Blood,Spotlight
Chak De! India,M.S. Dhoni: The Untold Story,Dangal,Paan Singh Tomar,Huo Yuan Jia,Lage Raho Munna Bhai
There Will Be Blood,The Illusionist,Gully Boy,The Right Stuff,The Wolf of Wall Street,Magnolia
Pan's Labyrinth,The Secret of Kells,Barry Lyndon,Mad Max: Fury Road,"Aguirre, der Zorn Gottes",To Have and Have Not
Toy Story 3,"Monsters, Inc.",Mr. Nobody,Bacheha-Ye aseman,The Wizard of Oz,Toy Story 4
V for Vendetta,Jûbê ninpûchô,The Dark Knight Rises,Il conformista,Blazing Saddles,Män som hatar kvinnor
Rang De Basanti,The Help,The Message,Celda 211,End of Watch,Once
Black,(500) Days of Summer,Amélie,Coraline,Dark City,Le Petit Prince
Batman Begins,The Dark Knight Rises,The Boondock Saints,Munna Bhai M.B.B.S.,Captain America: Civil War,American Gangster
"Swades: We, the People",Bajrangi Bhaijaan,Finding Nemo,Mulan,The Quiet Man,The Wizard of Oz
Der Untergang,The Last King of Scotland,Zwartboek,Patton,Schindler's List,Kaze tachinu
Hauru no ugoku shiro,Kaguyahime no monogatari,The Secret of Kells,Shrek,Jûbê ninpûchô,Stardust
A Beautiful Mind,Shine,The Invisible Man,The Man from Earth,Harold and Maude,The Third Man
Hera Pheri,Kimi no na wa.,About Time,Dark City,Mr. Nobody,It's a Wonderful Life
"Lock, Stock and Two Smoking Barrels",Casino,Snatch,True Romance,Pulp Fiction,What We Do in the Shadows
L.A. Confidential,Pulp Fiction,Casino,Se7en,"Lock, Stock and Two Smoking Barrels",Snatch
Eskiya,Un prophète,Cool Hand Luke,The Blues Brothers,Zulu,Oldeuboi
Heat,Reservoir Dogs,Dog Day Afternoon,Manbiki kazoku,The Sting,Per qualche dollaro in più
Casino,"Lock, Stock and Two Smoking Barrels",Pulp Fiction,Snatch,The Gentlemen,Platoon
Andaz Apna Apna,Kakushi-toride no san-akunin,A Night at the Opera,Ah-ga-ssi,Double Indemnity,All About Eve
Unforgiven,Pirates of the Caribbean: The Curse of the Black Pearl,Dirty Harry,Gran Torino,Fargo,Les triplettes de Belleville
Indiana Jones and the Last Crusade,Raiders of the Lost Ark,Schindler's List,Hacksaw Ridge,Amadeus,Young Frankenstein
Dom za vesanje,Mandariinid,Mononoke-hime,La grande bellezza,Joker,The Fall
Tonari no Totoro,Incendies,Tôkyô monogatari,Hable con ella,Watership Down,Mary Poppins
Die Hard,Die Hard: With a Vengeance,Saving Private Ryan,Zwartboek,La haine,The Trial of the Chicago 7
Ran,"Monsters, Inc.",Shrek,Kagemusha,Thor: Ragnarok,Seppuku
Raging Bull,Cinderella Man,Rocky,The Fighter,The Hurricane,Diarios de motocicleta
Stalker,Waking Life,The Gold Rush,The Odd Couple,The Innocents,Toy Story 3
Höstsonaten,Shine,The Red Shoes,The Sound of Music,Mommy,Gifted
The Message,Fantasia,The Deer Hunter,Malcolm X,Andrei Rublev,Gandhi
Sholay,Sanjuro,Vikram Vedha,À bout de souffle,The Silence of the Lambs,The 39 Steps
Monty Python and the Holy Grail,The Hobbit: An Unexpected Journey,The Hobbit: The Desolation of Smaug,The Lord of the Rings: The Fellowship of the Ring,The Lord of the Rings: The Return of the King,Harry Potter and the Deathly Hallows: Part 1
The Great Escape,Dunkirk,Empire of the Sun,The Pianist,Patton,The Dirty Dozen
To Kill a Mockingbird,Just Mercy,12 Years a Slave,Judgment at Nuremberg,The Trial of the Chicago 7,In the Heat of the Night
Yôjinbô,Per un pugno di dollari,The Avengers,Guardians of the Galaxy,The Warriors,Key Largo
Judgment at Nuremberg,Zwartboek,Inglourious Basterds,Dunkirk,Schindler's List,Shutter Island
Some Like It Hot,Du rififi chez les hommes,Kakushi-toride no san-akunin,Le samouraï,The Killing,La haine
Smultronstället,Dark City,Captain Fantastic,The Game,Apocalypto,Rebecca
Det sjunde inseglet,Waking Life,The Dark Knight,Harry Potter and the Deathly Hallows: Part 1,Harry Potter and the Sorcerer's Stone,Avengers: Infinity War
Du rififi chez les hommes,The Sting,The Kid,Der Himmel über Berlin,Mission: Impossible - Fallout,Nefes: Vatan Sagolsun
Dial M for Murder,Auf der anderen Seite,Trois couleurs: Blanc,Searching,Laura,Kahaani
Tôkyô monogatari,El ángel exterminador,Manbiki kazoku,Guess Who's Coming to Dinner,Vizontele,Rosemary's Baby
Rashômon,Seppuku,Jûbê ninpûchô,Kagemusha,Mad Max: Fury Road,Ordinary People
All About Eve,Pink Floyd: The Wall,Being There,Rebecca,La migliore offerta,Short Term 12
The Treasure of the Sierra Madre,The Gold Rush,Bir Zamanlar Anadolu'da,"O Brother, Where Art Thou?",Predator,The Magnificent Seven
To Be or Not to Be,Zwartboek,Inglourious Basterds,The Dirty Dozen,Schindler's List,Ivanovo detstvo
The Gold Rush,The Treasure of the Sierra Madre,Bir Zamanlar Anadolu'da,Zulu,The Circus,The Muppet Movie
Sherlock Jr.,À bout de souffle,Drive,Sabrina,Catch Me If You Can,The King of Comedy
Portrait de la jeune fille en feu,La règle du jeu,Viskningar och rop,Roma,Children of Men,Doctor Zhivago
Pink,"Three Billboards Outside Ebbing, Missouri",Minority Report,Down by Law,The Verdict,M - Eine Stadt sucht einen Mörder
Koe no katachi,Dev.D,Sleepers,Bacheha-Ye aseman,Ben-Hur,Pâfekuto burû
Contratiempo,12 Angry Men,Witness for the Prosecution,Le samouraï,Lola rennt,The Verdict
Ah-ga-ssi,Brief Encounter,Baby Driver,Notorious,Andaz Apna Apna,Days of Heaven
Mommy,Gifted,The Graduate,The Others,Le passé,Nelyubov
Haider,Road to Perdition,Manchester by the Sea,Udaan,"Three Billboards Outside Ebbing, Missouri",Le passé
Logan,Jagten,The Station Agent,The Wizard of Oz,Shadow of a Doubt,The Princess Bride
Room,Captain Fantastic,Jodaeiye Nader az Simin,Misery,The Game,The Notebook
Relatos salvajes,Fantasia,Magnolia,Crash,Talvar,Singin' in the Rain
Soul,Le locataire,The Visitor,Stardust,Smultronstället,Midnight in Paris
Kis Uykusu,Tengoku to jigoku,Le locataire,Gilda,Rosemary's Baby,Fiddler on the Roof
PK,The Day the Earth Stood Still,Arrival,Gattaca,District 9,Waking Life
OMG: Oh My God!,Badhaai ho,Les yeux sans visage,Tengoku to jigoku,Rear Window,The Machinist
The Grand Budapest Hotel,Short Term 12,The Fall,La règle du jeu,Chung Hing sam lam,Roma
Gone Girl,A Wednesday,Anatomy of a Murder,Prisoners,Kramer vs. Kramer,The Conversation
Ôkami kodomo no Ame to Yuki,Dev.D,The Station Agent,La vie d'Adèle,Jagten,The Wizard of Oz
Hacksaw Ridge,Dunkirk,Letters from Iwo Jima,Patton,The Dirty Dozen,Saving Private Ryan
Inside Out,La vie d'Adèle,Boyz n the Hood,Into the Wild,Dil Bechara,What We Do in the Shadows
Barfi!,Happiness,Kimi no na wa.,The Day the Earth Stood Still,Crash,The Odd Couple
12 Years a Slave,Glory,To Kill a Mockingbird,Duck Soup,Blow,The Man Who Would Be King
Rush,Ford v Ferrari,Kaze tachinu,Dangal,Huo Yuan Jia,M.S. Dhoni: The Untold Story
Ford v Ferrari,Rush,The World's Fastest Indian,Raiders of the Lost Ark,All the President's Men,The Imitation Game
Spotlight,All the President's Men,The Deer Hunter,Touch of Evil,Blow,Udta Punjab
Song of the Sea,Gake no ue no Ponyo,The Wizard of Oz,Zombieland,Lilja 4-ever,Toy Story 2
Kahaani,Searching,Auf der anderen Seite,Philomena,Dial M for Murder,Badhaai ho
Zindagi Na Milegi Dobara,Dil Chahta Hai,Victoria,The Shop Around the Corner,The Hangover,Hable con ella
Prisoners,Searching,Gone Baby Gone,The Big Sleep,Gone Girl,Road to Perdition
Mad Max: Fury Road,Jûbê ninpûchô,Star Wars: Episode VII - The Force Awakens,Star Wars,Metropolis,The Secret of Kells
A Wednesday,El secreto de sus ojos,Zerkalo,Gone Girl,Watchmen,Interstate 60: Episodes of the Road
Gran Torino,Stalag 17,Unforgiven,The Girl with the Dragon Tattoo,Sweet Smell of Success,Duck Soup
Harry Potter and the Deathly Hallows: Part 2,Harry Potter and the Deathly Hallows: Part 1,Harry Potter and the Half-Blood Prince,Harry Potter and the Prisoner of Azkaban,The Lord of the Rings: The Fellowship of the Ring,The Lord of the Rings: The Return of the King
Okuribito,Adams æbler,El cuerpo,Hachi: A Dog's Tale,Ghostbusters,The Circus
Hachi: A Dog's Tale,Rosemary's Baby,The Kid,The Circus,The Others,Big Fish
Mary and Max,Dil Bechara,Back to the Future,Amour,Lilja 4-ever,Call Me by Your Name
How to Train Your Dragon,Beauty and the Beast,Shrek,The Princess Bride,Harry Potter and the Sorcerer's Stone,Stardust
Into the Wild,Inside Out,On Golden Pond,"Paris, Texas",Me and Earl and the Dying Girl,The Station Agent
No Country for Old Men,Inside Man,Wait Until Dark,"O Brother, Where Art Thou?",The Usual Suspects,"Lock, Stock and Two Smoking Barrels"
Lage Raho Munna Bhai,Dangal,Bhaag Milkha Bhaag,Soorarai Pottru,Paan Singh Tomar,Chak De! India
Million Dollar Baby,The Sting,Trois couleurs: Rouge,Singin' in the Rain,Hachi: A Dog's Tale,The Peanut Butter Falcon
Hotel Rwanda,Tropa de Elite 2: O Inimigo Agora é Outro,No Man's Land,The Last King of Scotland,Airlift,The Killing Fields
Taegukgi hwinalrimyeo,"Monsters, Inc.",Paths of Glory,The Avengers,Mr. Nobody,The Bridge on the River Kwai
Before Sunset,Before Midnight,Before Sunrise,It Happened One Night,When Harry Met Sally...,Spoorloos
Munna Bhai M.B.B.S.,The Peanut Butter Falcon,Wreck-It Ralph,Ikiru,The Pursuit of Happyness,Big Fish
Salinui chueok,Blue Velvet,In the Heat of the Night,Talvar,La haine,Wind River
Dil Chahta Hai,Flipped,The Odd Couple,Kimi no na wa.,The Shop Around the Corner,Hable con ella
Kill Bill: Vol. 1,Vampire Hunter D: Bloodlust,Kokuhaku,The Exorcist,Halloween,Män som hatar kvinnor
Finding Nemo,King Kong,Lion,"Swades: We, the People",Life of Pi,The Revenant
Catch Me If You Can,Dirty Harry,Sherlock Jr.,Nightcrawler,The King of Comedy,Deadpool
Amores perros,Crash,Happiness,Magnolia,Hævnen,End of Watch
"Monsters, Inc.",Jeux d'enfants,Toki o kakeru shôjo,About Time,Bacheha-Ye aseman,Mr. Nobody
"Shin seiki Evangelion Gekijô-ban: Air/Magokoro wo, kimi ni",Nosferatu,Das Cabinet des Dr. Caligari,Zulu,Miracle in cell NO.7,Black Swan
Lagaan: Once Upon a Time in India,La planète sauvage,Kai po che!,Apocalypto,Vizontele,The Magnificent Seven
The Sixth Sense,The Kid,Hachi: A Dog's Tale,Big Fish,8½,Million Dollar Baby
La leggenda del pianista sull'oceano,Soul,Life of Pi,Gake no ue no Ponyo,Finding Nemo,Life of Brian
The Truman Show,Badhaai ho,Zelig,Trois couleurs: Rouge,Ferris Bueller's Day Off,Ikiru
"Crna macka, beli macor",Paddington 2,Lilja 4-ever,What We Do in the Shadows,True Romance,Days of Heaven
The Big Lebowski,Gran Torino,Paddington 2,Toy Story 2,Unforgiven,True Romance
Fa yeung nin wah,Das Experiment,Jeux d'enfants,Eternal Sunshine of the Spotless Mind,Who's Afraid of Virginia Woolf?,Druk
Trainspotting,What We Do in the Shadows,Zelig,Carlito's Way,Les quatre cents coups,This Is England
Fargo,Unforgiven,My Fair Lady,Sweet Smell of Success,Duck Soup,Lucky Number Slevin
Underground,Magnolia,Crash,Das Boot,Nefes: Vatan Sagolsun,Hævnen
La haine,Dazed and Confused,Un prophète,The Trial of the Chicago 7,Bir Zamanlar Anadolu'da,La battaglia di Algeri
Dilwale Dulhania Le Jayenge,The Broken Circle Breakdown,Kal Ho Naa Ho,About Time,Breaking the Waves,Rockstar
Before Sunrise,It Happened One Night,Before Midnight,The Hangover,When Harry Met Sally...,The Shop Around the Corner
Trois couleurs: Rouge,Office Space,Million Dollar Baby,The Conversation,His Girl Friday,The Truman Show
Chung Hing sam lam,La grande bellezza,As Good as It Gets,Mary and Max,Victoria,The Grand Budapest Hotel
Jurassic Park,Jaws,Akira,Zombieland,Toy Story,Toy Story 2
In the Name of the Father,Stalag 17,La Grande Illusion,Anatomy of a Murder,The Fugitive,12 Angry Men
Ba wang bie ji,Forrest Gump,The Message,Joyeux Noël,Ray,Kai po che!
Dà hóng denglong gaogao guà,Rebecca,English Vinglish,The Sound of Music,Gisaengchung,Once Were Warriors
Dead Poets Society,Rushmore,Les choristes,Fantasia,Requiem for a Dream,Magnolia
Stand by Me,The Man Who Shot Liberty Valance,Trois couleurs: Bleu,Mystic River,Central do Brasil,Män som hatar kvinnor
Platoon,Sunrise: A Song of Two Humans,Casino,No Man's Land,Celda 211,Captain Fantastic
"Paris, Texas",Into the Wild,Logan,Lion,La vie d'Adèle,Interstate 60: Episodes of the Road
Kaze no tani no Naushika,La planète sauvage,G.O.R.A.,Spartacus,Guardians of the Galaxy,Planet of the Apes
The Thing,Arrival,Planet of the Apes,Invasion of the Body Snatchers,Predator,Ex Machina
Pink Floyd: The Wall,A Star Is Born,Hana-bi,Billy Elliot,Falling Down,All About Eve
Fitzcarraldo,The Last Emperor,The Circus,Barton Fink,Dead Man,Isle of Dogs
Fanny och Alexander,"Shin seiki Evangelion Gekijô-ban: Air/Magokoro wo, kimi ni",Singin' in the Rain,Night on Earth,Relatos salvajes,Requiem for a Dream
Blade Runner,Serenity,Planet of the Apes,Spider-Man: Into the Spider-Verse,X-Men: Days of Future Past,Star Trek Into Darkness
The Elephant Man,La piel que habito,Kaguyahime no monogatari,Joker,Hauru no ugoku shiro,The Matrix
Life of Brian,Bom Yeoareum Gaeul Gyeoul Geurigo Bom,The Nightmare Before Christmas,La leggenda del pianista sull'oceano,The Ten Commandments,Jojo Rabbit
The Deer Hunter,Hidden Figures,Full Metal Jacket,Udta Punjab,Letters from Iwo Jima,The Help
Rocky,The Hustler,Raging Bull,Warrior,The Wrestler,The King of Comedy
Network,Dark Waters,Being There,Spotlight,Talvar,Trois couleurs: Rouge
Barry Lyndon,Braveheart,The Adventures of Robin Hood,Kind Hearts and Coronets,Pan's Labyrinth,The Godfather
Zerkalo,A Wednesday,Boyhood,Veer-Zaara,The Last Emperor,Underground
Chinatown,Touch of Evil,Le locataire,Donnie Brasco,Double Indemnity,Baby Driver
Paper Moon,Dev.D,The Notebook,On Golden Pond,Mommy,Kramer vs. Kramer
Viskningar och rop,Portrait de la jeune fille en feu,Vozvrashchenie,Doctor Zhivago,C.R.A.Z.Y.,Good Bye Lenin!
Solaris,The Martian,Interstellar,Blade Runner,Serenity,Twelve Monkeys
Le samouraï,Contratiempo,A Few Good Men,Who Framed Roger Rabbit,Fargo,Das Cabinet des Dr. Caligari
Cool Hand Luke,Un prophète,Eskiya,Midnight Express,Down by Law,Capharnaüm
Persona,Der Himmel über Berlin,Flipped,Hable con ella,Kimi no na wa.,The Innocents
Andrei Rublev,300,The Message,"Aguirre, der Zorn Gottes",Amadeus,The Thin Red Line
La battaglia di Algeri,Babam ve Oglum,Pride,Dunkirk,The Last King of Scotland,Hotel Rwanda
El ángel exterminador,Tôkyô monogatari,Festen,Bin-jip,Singin' in the Rain,Night on Earth
What Ever Happened to Baby Jane?,Annie Hall,Rosemary's Baby,Nosferatu,The Others,Trois couleurs: Rouge
Sanjuro,Sholay,Jûbê ninpûchô,Gladiator,The Count of Monte Cristo,Kagemusha
The Man Who Shot Liberty Valance,Stand by Me,Big Fish,Auf der anderen Seite,Sling Blade,Rebel Without a Cause
Ivanovo detstvo,Bridge of Spies,Schindler's List,Zwartboek,To Be or Not to Be,Idi i smotri
Jungfrukällan,Kaguyahime no monogatari,The Wizard of Oz,Ôkami kodomo no Ame to Yuki,Jagten,Hauru no ugoku shiro
Inherit the Wind,12 Angry Men,Dark Waters,Anatomy of a Murder,The Verdict,To Kill a Mockingbird
Les quatre cents coups,Billy Elliot,Rebel Without a Cause,Le notti di Cabiria,Manbiki kazoku,Le locataire
Ben-Hur,Gladiator,The Count of Monte Cristo,Beauty and the Beast,Koe no katachi,Mulan
Kakushi-toride no san-akunin,The Magnificent Seven,Shichinin no samurai,Zulu,Andaz Apna Apna,The General
Le notti di Cabiria,(500) Days of Summer,Les quatre cents coups,Roman Holiday,La migliore offerta,Der Himmel über Berlin
Kumonosu-jô,The Adventures of Robin Hood,Kagemusha,Hamlet,The Lord of the Rings: The Two Towers,Ran
The Bridge on the River Kwai,Under sandet,The Great Escape,Paths of Glory,La Grande Illusion,Dunkirk
On the Waterfront,Serpico,Office Space,Million Dollar Baby,Just Mercy,Special Chabbis
Le salaire de la peur,Das Experiment,1917,Uri: The Surgical Strike,The Magnificent Seven,Nefes: Vatan Sagolsun
Ace in the Hole,Nightcrawler,The Fall,Fight Club,Dog Day Afternoon,Boogie Nights
White Heat,Ajeossi,Baby Driver,Lost Highway,Scarface,The Maltese Falcon
The Third Man,Citizen Kane,Harold and Maude,Loving Vincent,Shine,The Bridges of Madison County
The Red Shoes,Billy Elliot,Höstsonaten,(500) Days of Summer,Black,The Graduate
The Shop Around the Corner,Hable con ella,Dil Chahta Hai,Jeux d'enfants,Perfetti sconosciuti,Flipped
Rebecca,English Vinglish,All About Eve,Smultronstället,Dà hóng denglong gaogao guà,Mommy
Mr. Smith Goes to Washington,JFK,Cool Hand Luke,The Insider,A Few Good Men,Witness for the Prosecution
Gone with the Wind,The Last of the Mohicans,Patton,The Thin Red Line,Glory,Spartacus
La Grande Illusion,The Dirty Dozen,Stalag 17,Dunkirk,Saving Private Ryan,Hacksaw Ridge
It Happened One Night,Yeopgijeogin geunyeo,Before Sunrise,The Hangover,Spoorloos,The Shop Around the Corner
La passion de Jeanne d'Arc,Kind Hearts and Coronets,Duck Soup,A Man for All Seasons,300,Das Cabinet des Dr. Caligari
The Circus,The Muppet Movie,The Kid,Ratatouille,Hachi: A Dog's Tale,8½
Sunrise: A Song of Two Humans,Platoon,(500) Days of Summer,Der Himmel über Berlin,The Notebook,Naked
The General,Kakushi-toride no san-akunin,The Magnificent Seven,The African Queen,Zulu,Paths of Glory
Das Cabinet des Dr. Caligari,Nosferatu,Duck Soup,"Shin seiki Evangelion Gekijô-ban: Air/Magokoro wo, kimi ni",Zulu,Annie Hall
Badhaai ho,Ikiru,Searching,Jojo Rabbit,Trois couleurs: Blanc,Laura
Togo,Cinderella Man,The Jungle Book,The World's Fastest Indian,Harvey,The Revenant
Airlift,Hotel Rwanda,Babam ve Oglum,The Killing Fields,Dunkirk,Tropa de Elite 2: O Inimigo Agora é Outro
Bajrangi Bhaijaan,"Swades: We, the People",Auf der anderen Seite,Haider,Lion,Secrets & Lies
Baby,Uri: The Surgical Strike,Star Trek Into Darkness,Cowboy Bebop: Tengoku no tobira,Guardians of the Galaxy,Lucky Number Slevin
La La Land,Dil Chahta Hai,Once,Hable con ella,Happiness,As Good as It Gets
Lion,Central do Brasil,Searching,Finding Nemo,Udaan,Stand by Me
The Martian,Solaris,Blade Runner,Apollo 13,Alien,Gravity
Zootopia,Lat sau san taam,Mysterious Skin,The Maltese Falcon,Guardians of the Galaxy,Once Upon a Time in the West
Bãhubali: The Beginning,Gangs of Wasseypur,Wo hu cang long,Lawrence of Arabia,Gone with the Wind,Apocalypto
Kaguyahime no monogatari,Hauru no ugoku shiro,La vie d'Adèle,Tangled,Edward Scissorhands,Jungfrukällan
Wonder,The Florida Project,The Blind Side,50/50,The Fall,Almost Famous
Gully Boy,Short Cuts,Vivre sa vie: Film en douze tableaux,Amarcord,The Last Emperor,Sin City
Special Chabbis,Giù la testa,Snatch,Serbuan maut,Mississippi Burning,Nueve reinas
Short Term 12,Taxi Driver,Secrets & Lies,What's Eating Gilbert Grape,All About Eve,Majo no takkyûbin
Serbuan maut 2: Berandal,Tropa de Elite,Serpico,Baby,Tropa de Elite 2: O Inimigo Agora é Outro,Sholay
The Imitation Game,Zwartboek,Kaze tachinu,Schindler's List,Patton,Dunkirk
Guardians of the Galaxy,The Avengers,Avengers: Infinity War,Star Trek Into Darkness,Spider-Man: Into the Spider-Verse,Blade Runner
Blade Runner 2049,The Fifth Element,The Bourne Ultimatum,The Girl with the Dragon Tattoo,Män som hatar kvinnor,Unforgiven
Her,Ex Machina,La piel que habito,Kimi no na wa.,The Lunchbox,Relatos salvajes
Bohemian Rhapsody,Control,Walk the Line,This Is Spinal Tap,Hamilton,The Thin Red Line
The Revenant,The African Queen,Lifeboat,Finding Nemo,Django Unchained,Bir Zamanlar Anadolu'da
The Perks of Being a Wallflower,Hachi: A Dog's Tale,The Peanut Butter Falcon,The Sting,Flipped,Boyhood
Tropa de Elite 2: O Inimigo Agora é Outro,Bronenosets Potemkin,Hotel Rwanda,Babam ve Oglum,Sicario,Black Hawk Down
The King's Speech,A Man for All Seasons,Braveheart,Gandhi,Der Untergang,Hamilton
The Help,Rang De Basanti,The Deer Hunter,Hidden Figures,Udta Punjab,Boyz n the Hood
Deadpool,Zelig,Drive,Wreck-It Ralph,Bride of Frankenstein,Les yeux sans visage
Darbareye Elly,The Lady Vanishes,Donnie Darko,Portrait de la jeune fille en feu,The Sandlot,The Hateful Eight
Dev.D,Jagten,The Notebook,About Time,Ôkami kodomo no Ame to Yuki,Koe no katachi
Yip Man,Leviafan,Captain Fantastic,The Warriors,Ran,Misery
My Name Is Khan,"I, Daniel Blake",Apocalypse Now,Hidden Figures,Sicario,Hacksaw Ridge
Nefes: Vatan Sagolsun,Zulu,The Killing,Singin' in the Rain,The Right Stuff,Night on Earth
Slumdog Millionaire,The Day of the Jackal,Rockstar,The Insider,Chak De! India,The Big Lebowski
Black Swan,"Shin seiki Evangelion Gekijô-ban: Air/Magokoro wo, kimi ni",Adaptation.,The Thin Red Line,Bohemian Rhapsody,The Bridges of Madison County
Tropa de Elite,Serbuan maut 2: Berandal,Tropa de Elite 2: O Inimigo Agora é Outro,From Here to Eternity,"Aguirre, der Zorn Gottes",La passion de Jeanne d'Arc
The Avengers,Avengers: Infinity War,Guardians of the Galaxy,The Prestige,The Day the Earth Stood Still,X: First Class
Persepolis,The Last Emperor,Gully Boy,Un prophète,Der Name der Rose,Rushmore
Dallas Buyers Club,Philadelphia,Vicky Donor,Good Will Hunting,The Intouchables,Druk
The Pursuit of Happyness,The Wrestler,Munna Bhai M.B.B.S.,American Beauty,Gifted,The Verdict
Blood Diamond,Snatch,Inside Man,"Il buono, il brutto, il cattivo",The Maltese Falcon,Special Chabbis
The Bourne Ultimatum,The Silence of the Lambs,Serbuan maut,Captain America: The Winter Soldier,The Bourne Supremacy,The Fugitive
Bin-jip,Rosemary's Baby,Tôkyô monogatari,Manbiki kazoku,El ángel exterminador,The Odd Couple
Sin City,Touch of Evil,Gully Boy,Brokeback Mountain,End of Watch,Crash
Le scaphandre et le papillon,My Left Foot: The Story of Christy Brown,The Girl with the Dragon Tattoo,Omoide no Mânî,Breaking the Waves,My Fair Lady
G.O.R.A.,Duck Soup,Soorarai Pottru,Das Cabinet des Dr. Caligari,Star Trek II: The Wrath of Khan,"Shin seiki Evangelion Gekijô-ban: Air/Magokoro wo, kimi ni"
Ratatouille,The Circus,Rosemary's Baby,Brief Encounter,Million Dollar Baby,Le dîner de cons
Casino Royale,Bridge of Spies,The 39 Steps,Captain America: The Winter Soldier,Goldfinger,The Untouchables
Kill Bill: Vol. 2,Pirates of the Caribbean: The Curse of the Black Pearl,The Lord of the Rings: The Two Towers,Bride of Frankenstein,Unforgiven,A Streetcar Named Desire
Vozvrashchenie,Hævnen,Viskningar och rop,Central do Brasil,La double vie de Véronique,Mystic River
Bom Yeoareum Gaeul Gyeoul Geurigo Bom,Life of Brian,Der Name der Rose,The Innocents,Tôkyô monogatari,Adams æbler
Mar adentro,Bhaag Milkha Bhaag,Just Mercy,La battaglia di Algeri,Giù la testa,The Hurricane
Cinderella Man,The Hurricane,Ray,Raging Bull,The Fighter,The Irishman
Kal Ho Naa Ho,The Broken Circle Breakdown,Lilja 4-ever,Amélie,Pride & Prejudice,La vie d'Adèle
Mou gaan dou,The Departed,Per qualche dollaro in più,Reservoir Dogs,Lat sau san taam,Training Day
Pirates of the Caribbean: The Curse of the Black Pearl,Unforgiven,Kill Bill: Vol. 2,Toy Story 2,The Lord of the Rings: The Two Towers,Star Wars: Episode VII - The Force Awakens
Big Fish,The Curious Case of Benjamin Button,Ikiru,Boyhood,Searching,Hachi: A Dog's Tale
The Incredibles,Zindagi Na Milegi Dobara,E.T. the Extra-Terrestrial,Wreck-It Ralph,Zootopia,Sin City
Yeopgijeogin geunyeo,It Happened One Night,The Lady Vanishes,Brief Encounter,Breakfast at Tiffany's,After Hours
Dogville,Logan,Leviafan,Jagten,The Wizard of Oz,Pâfekuto burû
Vizontele,Short Cuts,Tôkyô monogatari,Bir Zamanlar Anadolu'da,La battaglia di Algeri,Relatos salvajes
Donnie Darko,Blood Simple,À bout de souffle,The Game,Baby Driver,The Hateful Eight
Magnolia,Crash,Relatos salvajes,Amores perros,Boyz n the Hood,Fantasia
Dancer in the Dark,The Visitor,The Purple Rose of Cairo,Barton Fink,Little Miss Sunshine,Queen
The Straight Story,"Planes, Trains & Automobiles",Hachi: A Dog's Tale,Brief Encounter,The Intouchables,Manchester by the Sea
Pâfekuto burû,About Time,Jagten,Fried Green Tomatoes,Silver Linings Playbook,Koe no katachi
Festen,Marriage Story,The Sting,Citizen Kane,The Last Emperor,8½
Central do Brasil,Dil Bechara,Fried Green Tomatoes,3 Idiots,The Station Agent,Logan
The Iron Giant,Wreck-It Ralph,E.T. the Extra-Terrestrial,Kingsman: The Secret Service,Toy Story,Trois couleurs: Rouge
Knockin' on Heaven's Door,Gravity,28 Days Later...,Airplane!,El ángel exterminador,El cuerpo
Sling Blade,Gifted,Udaan,The Blues Brothers,Mommy,Auf der anderen Seite
Secrets & Lies,What's Eating Gilbert Grape,Short Term 12,Philomena,Bajrangi Bhaijaan,Mommy
Twelve Monkeys,The Terminator,Dawn of the Planet of the Apes,WALL·E,Planet of the Apes,District 9
Kôkaku Kidôtai,Lat sau san taam,Kingsman: The Secret Service,The French Connection,Predator,Terminator 2: Judgment Day
The Nightmare Before Christmas,Hamlet,Up,Bride of Frankenstein,The Muppet Movie,The Circus
Groundhog Day,Edge of Tomorrow,The Machinist,The Invisible Man,Big Fish,Ferris Bueller's Day Off
Bound by Honor,All That Jazz,Huo Yuan Jia,The Godfather: Part II,Miracle in cell NO.7,Creed
Scent of a Woman,Ferris Bueller's Day Off,Zelig,"South Park: Bigger, Longer & Uncut",In a Lonely Place,Dog Day Afternoon
Aladdin,City Lights,Shrek,A Night at the Opera,Klaus,The Little Mermaid
JFK,A Few Good Men,The Trial of the Chicago 7,Citizen Kane,All the President's Men,The Big Sleep
Beauty and the Beast,Shrek,Kubo and the Two Strings,How to Train Your Dragon,The Little Mermaid,Der Himmel über Berlin
Dances with Wolves,Glory,Lawrence of Arabia,Patton,Dunkirk,Hacksaw Ridge
Do the Right Thing,Straight Outta Compton,Once Upon a Time in America,Boyz n the Hood,The Trial of the Chicago 7,The Last Picture Show
Rain Man,Up,My Fair Lady,Gran Torino,Unforgiven,Paddington 2
Akira,Jûbê ninpûchô,Big Hero 6,Deadpool 2,The Lego Movie,The Silence of the Lambs
The Princess Bride,Life of Pi,Stardust,Jagten,How to Train Your Dragon,Logan
Der Himmel über Berlin,The Little Mermaid,Beauty and the Beast,Frankenstein,Edward Scissorhands,The Invisible Man
Au revoir les enfants,Sleepers,Silver Linings Playbook,Jagten,Me and Earl and the Dying Girl,On Golden Pond
Tenkû no shiro Rapyuta,The Goonies,Rupan sansei: Kariosutoro no shiro,Wo hu cang long,Stardust,"Il buono, il brutto, il cattivo"
The Terminator,Twelve Monkeys,The Lego Movie,Star Trek Into Darkness,Terminator 2: Judgment Day,District 9
Gandhi,Bronenosets Potemkin,Malcolm X,The Last King of Scotland,Lawrence of Arabia,Spartacus
Kagemusha,Shrek,Jûbê ninpûchô,Ran,Seppuku,The Adventures of Robin Hood
Being There,All About Eve,The Godfather,Network,Special Chabbis,Il conformista
Annie Hall,Nosferatu,Rockstar,Das Cabinet des Dr. Caligari,My Fair Lady,All That Jazz
Jaws,Cowboy Bebop: Tengoku no tobira,Jurassic Park,Dirty Harry,3:10 to Yuma,Rio Bravo
Dog Day Afternoon,Heat,Reservoir Dogs,"Monsters, Inc.",Butch Cassidy and the Sundance Kid,The Warriors
Young Frankenstein,Amadeus,Indiana Jones and the Last Crusade,Raiders of the Lost Ark,Forrest Gump,The Terminator
Papillon,Down by Law,The Usual Suspects,Saw,Rope,Road to Perdition
The Exorcist,Vampire Hunter D: Bloodlust,Sen to Chihiro no kamikakushi,A Little Princess,Léon,Shadow of a Doubt
Sleuth,The Apartment,Victoria,Arsenic and Old Lace,Manhattan,Zindagi Na Milegi Dobara
The Last Picture Show,The Deer Hunter,The Grapes of Wrath,The Best Years of Our Lives,Boyz n the Hood,K.G.F: Chapter 1
Fiddler on the Roof,Schindler's List,Bronenosets Potemkin,Once Were Warriors,Love and Death,C.R.A.Z.Y.
Il conformista,Blazing Saddles,The Manchurian Candidate,Love and Death,V for Vendetta,Being There
Butch Cassidy and the Sundance Kid,Les triplettes de Belleville,Lucky Number Slevin,True Romance,Toy Story 2,The Warriors
Rosemary's Baby,Bin-jip,The Others,Manbiki kazoku,Hachi: A Dog's Tale,Tôkyô monogatari
Planet of the Apes,La planète sauvage,Blade Runner,Twelve Monkeys,WALL·E,The Day the Earth Stood Still
The Graduate,Manhattan,American Beauty,Billy Elliot,Mommy,Gifted
Who's Afraid of Virginia Woolf?,Gegen die Wand,Funny Games,Fa yeung nin wah,Happiness,Perfetti sconosciuti
The Sound of Music,Höstsonaten,Dà hóng denglong gaogao guà,A Little Princess,Barry Lyndon,Crimes and Misdemeanors
Doctor Zhivago,Idi i smotri,Schindler's List,To Have and Have Not,The Lives of Others,Forrest Gump
Per un pugno di dollari,Yôjinbô,Pulp Fiction,Casino,Crash,Bãhubali: The Beginning
8½,The Circus,In a Lonely Place,The Curious Case of Benjamin Button,Hachi: A Dog's Tale,Les quatre cents coups
Vivre sa vie: Film en douze tableaux,Amarcord,Gully Boy,La dolce vita,Jules et Jim,Relatos salvajes
The Hustler,Rocky,Enemy at the Gates,Million Dollar Baby,Gully Boy,The Sting
La dolce vita,Vivre sa vie: Film en douze tableaux,Gully Boy,Giant,Amarcord,Roma
Rio Bravo,3:10 to Yuma,Zombieland,True Romance,Dirty Harry,Sanjuro
Anatomy of a Murder,12 Angry Men,Witness for the Prosecution,Philadelphia,In the Name of the Father,Gone Girl
Touch of Evil,Giant,Sin City,Brokeback Mountain,Magnolia,Vivre sa vie: Film en douze tableaux
Cat on a Hot Tin Roof,El secreto de sus ojos,Kramer vs. Kramer,On Golden Pond,En man som heter Ove,God's Own Country
Sweet Smell of Success,Gran Torino,To Have and Have Not,Unforgiven,Duck Soup,Annie Hall
The Killing,Nefes: Vatan Sagolsun,Ocean's Eleven,The Sting,Per qualche dollaro in più,Zulu
The Night of the Hunter,Days of Heaven,Boksuneun naui geot,Psycho,À bout de souffle,Charade
La Strada,Singin' in the Rain,The Lost Weekend,Relatos salvajes,A Star Is Born,Shaun of the Dead
Les diaboliques,Who Framed Roger Rabbit,Despicable Me,The Thin Man,Rope,Cape Fear
Stalag 17,The Dirty Dozen,Inglourious Basterds,Hacksaw Ridge,Patton,Bridge of Spies
Roman Holiday,Le notti di Cabiria,Manhattan,Lost in Translation,The Graduate,The Circus
A Streetcar Named Desire,Hannah and Her Sisters,Atonement,Changeling,Silver Linings Playbook,Bonnie and Clyde
In a Lonely Place,Trois couleurs: Blanc,Badhaai ho,8½,The Big Sleep,Laura
Kind Hearts and Coronets,The Lion King,The Lion in Winter,Sense and Sensibility,The Adventures of Robin Hood,La passion de Jeanne d'Arc
Rope,Dial M for Murder,Saw,Heat,Blowup,Strangers on a Train
Out of the Past,Jagten,Ajeossi,Rebel Without a Cause,Rupan sansei: Kariosutoro no shiro,"Crna macka, beli macor"
Brief Encounter,Yeopgijeogin geunyeo,The Lady Vanishes,After Hours,Badhaai ho,Ratatouille
Laura,Madeo,Badhaai ho,Manhattan,In the Heat of the Night,Dial M for Murder
The Best Years of Our Lives,Letters from Iwo Jima,The Deer Hunter,The Grapes of Wrath,Mystic River,The Last Picture Show
Arsenic and Old Lace,Jagten,The Broken Circle Breakdown,Sleuth,About Time,Blood Simple
The Maltese Falcon,"Il buono, il brutto, il cattivo",Rupan sansei: Kariosutoro no shiro,Pulp Fiction,Once Upon a Time in the West,White Heat
The Grapes of Wrath,The Best Years of Our Lives,The Pianist,K.G.F: Chapter 1,The Last Picture Show,Once Were Warriors
The Wizard of Oz,Song of the Sea,Shrek,Zombieland,The Station Agent,Logan
La règle du jeu,Dunkirk,Joyeux Noël,Portrait de la jeune fille en feu,Zwartboek,Letters from Iwo Jima
The Thin Man,The Big Sleep,The Long Goodbye,Laura,Cape Fear,His Girl Friday
All Quiet on the Western Front,Empire of the Sun,The Longest Day,Idi i smotri,Hotaru no haka,Un long dimanche de fiançailles
Bronenosets Potemkin,Gandhi,Zwartboek,Schindler's List,The Killing Fields,Lawrence of Arabia
Knives Out,Talvar,Giant,Der Name der Rose,In the Heat of the Night,Touch of Evil
Dil Bechara,Mary and Max,Lilja 4-ever,Central do Brasil,Spoorloos,Låt den rätte komma in
Manbiki kazoku,Rosemary's Baby,Tôkyô monogatari,Les quatre cents coups,Heat,Hachi: A Dog's Tale
Marriage Story,The Kid,Festen,Nosferatu,Veer-Zaara,Singin' in the Rain
Call Me by Your Name,Omohide poro poro,Mary and Max,Back to the Future,Léon,Titanic
"I, Daniel Blake",My Name Is Khan,The Deer Hunter,Udta Punjab,Pride,Mar adentro
Isle of Dogs,Lion,The Muppet Movie,Hunt for the Wilderpeople,The Muppet Christmas Carol,Gully Boy
Hunt for the Wilderpeople,Manbiki kazoku,Moonrise Kingdom,Finding Nemo,Un prophète,Isle of Dogs
Captain Fantastic,Die Welle,Jodaeiye Nader az Simin,La vita è bella,Misery,Smultronstället
Sing Street,Manhattan,Jojo Rabbit,Rebel Without a Cause,After Hours,Billy Elliot
Thor: Ragnarok,Avengers: Infinity War,Star Wars: Episode VII - The Force Awakens,Avengers: Endgame,The Lord of the Rings: The Fellowship of the Ring,Star Wars: Episode VI - Return of the Jedi
Nightcrawler,The King of Comedy,Ace in the Hole,Catch Me If You Can,Boogie Nights,The Fall
Jojo Rabbit,Badhaai ho,A Little Princess,Sing Street,Searching,Manchester by the Sea
Arrival,The Thing,Interstellar,Ex Machina,Waking Life,PK
Star Wars: Episode VII - The Force Awakens,Star Wars,Star Wars: Episode V - The Empire Strikes Back,Star Wars: Episode VI - Return of the Jedi,Captain America: The Winter Soldier,Thor: Ragnarok
Before Midnight,Before Sunset,Before Sunrise,Festen,Back to the Future Part II,The Breakfast Club
X-Men: Days of Future Past,Avengers: Infinity War,Avengers: Endgame,Twelve Monkeys,WALL·E,Planet of the Apes
Bir Zamanlar Anadolu'da,The Gold Rush,Vizontele,El cuerpo,The Treasure of the Sierra Madre,Predator
The Artist,Sunset Blvd.,Once Upon a Time... in Hollywood,Amarcord,Gone with the Wind,All About Eve
Edge of Tomorrow,Groundhog Day,Dark City,It's a Wonderful Life,Bacheha-Ye aseman,About Time
Amour,On Golden Pond,The Broken Circle Breakdown,Spoorloos,Mary and Max,Shine
The Irishman,The Bridges of Madison County,Kaze tachinu,Cinderella Man,Roma,Finding Neverland
Un prophète,Cool Hand Luke,Hot Fuzz,Midnight Express,In the Heat of the Night,Auf der anderen Seite
Moon,2001: A Space Odyssey,Into the Wild,Apollo 13,The Martian,Avatar
Låt den rätte komma in,Dil Bechara,Amélie,Black,Harold and Maude,Coraline
District 9,Twelve Monkeys,Planet of the Apes,PK,The Terminator,The Day the Earth Stood Still
The Wrestler,A Star Is Born,Billy Elliot,The Pursuit of Happyness,Smultronstället,Rocky
Jab We Met,Rebel Without a Cause,The Notebook,The Graduate,Manhattan,American Beauty
Boyhood,Dazed and Confused,Big Fish,Roma,The Last Emperor,Brokeback Mountain
"4 luni, 3 saptamâni si 2 zile",Un prophète,Persepolis,Auf der anderen Seite,Eastern Promises,Dial M for Murder
Star Trek,Captain America: The Winter Soldier,Star Wars,Star Wars: Episode VI - Return of the Jedi,Star Wars: Episode VII - The Force Awakens,Star Wars: Episode V - The Empire Strikes Back
In Bruges,Leviafan,Out of the Past,The Night of the Hunter,Psycho,"Crna macka, beli macor"
The Man from Earth,El secreto de sus ojos,En man som heter Ove,Au revoir les enfants,Harvey,Cat on a Hot Tin Roof
Letters from Iwo Jima,Dunkirk,The Thin Red Line,Lawrence of Arabia,Joyeux Noël,Hacksaw Ridge
The Fall,Le Petit Prince,Dom za vesanje,Kaguyahime no monogatari,Wonder,Celda 211
Life of Pi,The Princess Bride,Seven Pounds,Stardust,Wo hu cang long,Avatar
Fantastic Mr. Fox,The Magnificent Seven,The Jungle Book,Watership Down,"Planes, Trains & Automobiles",Blade Runner
C.R.A.Z.Y.,Ray,Forrest Gump,Get Out,Malcolm X,Captain Fantastic
Les choristes,Detachment,Ondskan,Druk,Remember the Titans,Dead Poets Society
Iron Man,Star Trek Into Darkness,The Last Samurai,Spider-Man: Into the Spider-Verse,Kôkaku Kidôtai,Interstellar
Shaun of the Dead,The Lost Weekend,Short Cuts,Sound of Metal,The Kid,Relatos salvajes
Gegen die Wand,Who's Afraid of Virginia Woolf?,Blood Simple,Fa yeung nin wah,Double Indemnity,Hauru no ugoku shiro
Mystic River,Nelyubov,Stand by Me,3 Idiots,The Best Years of Our Lives,Hable con ella
Harry Potter and the Prisoner of Azkaban,Harry Potter and the Deathly Hallows: Part 1,Harry Potter and the Half-Blood Prince,Harry Potter and the Deathly Hallows: Part 2,Harry Potter and the Sorcerer's Stone,The Hobbit: The Desolation of Smaug
Ying xiong,300,The Last Emperor,Star Trek II: The Wrath of Khan,Zulu,Huo Yuan Jia
Hable con ella,La double vie de Véronique,The Shop Around the Corner,When Harry Met Sally...,Dil Chahta Hai,Flipped
No Man's Land,Mandariinid,Hotel Rwanda,Dunkirk,Tropa de Elite 2: O Inimigo Agora é Outro,Ivanovo detstvo
Cowboy Bebop: Tengoku no tobira,Jaws,The Fifth Element,Baby,Dirty Harry,Heat
The Bourne Identity,Aliens,À bout de souffle,Knockin' on Heaven's Door,The Martian,Alien
Nueve reinas,Snatch,Special Chabbis,Il postino,Lola rennt,Blood Diamond
Children of Men,Philomena,Portrait de la jeune fille en feu,The Terminator,Mad Max: Fury Road,Twelve Monkeys
Almost Famous,Hedwig and the Angry Inch,Wonder,Bohemian Rhapsody,The Insider,This Is Spinal Tap
Mulholland Dr.,La grande bellezza,Deliverance,Interstate 60: Episodes of the Road,Butch Cassidy and the Sundance Kid,God's Own Country
Toy Story 2,Toy Story 4,Zombieland,Song of the Sea,Pirates of the Caribbean: The Curse of the Black Pearl,Incredibles 2
Boogie Nights,The King of Comedy,Whiplash,Nightcrawler,Kick-Ass,Pâfekuto burû
Mimi wo sumaseba,(500) Days of Summer,Dil Bechara,Bacheha-Ye aseman,Kick-Ass,Pâfekuto burû
Once Were Warriors,Gisaengchung,K.G.F: Chapter 1,Udta Punjab,Crash,Falling Down
True Romance,À bout de souffle,Bonnie and Clyde,Zombieland,"Lock, Stock and Two Smoking Barrels",The 39 Steps
Trois couleurs: Bleu,Ikiru,The Color Purple,Stand by Me,Nelyubov,Jodaeiye Nader az Simin
Jûbê ninpûchô,Mad Max: Fury Road,Akira,Deadpool 2,The Secret of Kells,Rupan sansei: Kariosutoro no shiro
Carlito's Way,Trainspotting,Cool Hand Luke,Straight Outta Compton,Eskiya,"Paris, Texas"
Edward Scissorhands,Kaguyahime no monogatari,La vie d'Adèle,Der Himmel über Berlin,Le Petit Prince,Logan
My Left Foot: The Story of Christy Brown,Le scaphandre et le papillon,The Intouchables,My Fair Lady,Good Will Hunting,Les yeux sans visage
Crimes and Misdemeanors,American Beauty,Gilda,Manhattan,Le passé,Dial M for Murder
The Untouchables,Blow,The Godfather: Part II,The Dirty Dozen,Zodiac,Kung fu
Hannah and Her Sisters,A Streetcar Named Desire,On Golden Pond,Silver Linings Playbook,Match Point,Kramer vs. Kramer
Brazil,Gattaca,Le locataire,K.G.F: Chapter 1,Falling Down,Blazing Saddles
This Is Spinal Tap,Bohemian Rhapsody,Shine,Adaptation.,Hamilton,Amadeus
A Christmas Story,Toy Story 4,Toy Story 2,Song of the Sea,Miracle on 34th Street,Bacheha-Ye aseman
The Blues Brothers,Sling Blade,Cape Fear,Eskiya,The Outlaw Josey Wales,The Hurricane
Manhattan,American Beauty,The Graduate,Victoria,Sing Street,Match Point
All That Jazz,Hedwig and the Angry Inch,Annie Hall,Bound by Honor,Das Cabinet des Dr. Caligari,The Bridges of Madison County
Dawn of the Dead,Captain America: The Winter Soldier,La Grande Illusion,Mississippi Burning,Serbuan maut,Zodiac
All the President's Men,Frost/Nixon,The Trial of the Chicago 7,Blow,The Last King of Scotland,Patton
La montaña sagrada,Mad Max: Fury Road,The Secret of Kells,Metropolis,Sen to Chihiro no kamikakushi,Stardust
Amarcord,Fantasia,Vivre sa vie: Film en douze tableaux,Gully Boy,La dolce vita,"Shin seiki Evangelion Gekijô-ban: Air/Magokoro wo, kimi ni"
Le charme discret de la bourgeoisie,Naked,Waking Life,Happiness,Crash,Delicatessen
"Aguirre, der Zorn Gottes",300,Blow,The Day of the Jackal,The Thin Red Line,Andrei Rublev
Harold and Maude,The Third Man,Pride & Prejudice,Låt den rätte komma in,Annie Hall,Kal Ho Naa Ho
Patton,The Thin Red Line,Kaze tachinu,Letters from Iwo Jima,Hacksaw Ridge,Dunkirk
The Wild Bunch,The Sting,The Wrestler,Per qualche dollaro in più,Shaun of the Dead,La planète sauvage
Night of the Living Dead,Evil Dead II,Mad Max 2,Black Hawk Down,The Deer Hunter,Star Trek Into Darkness
The Lion in Winter,The Lion King,Kind Hearts and Coronets,A Man for All Seasons,Hamlet,Sense and Sensibility
In the Heat of the Night,Wind River,Hot Fuzz,Un prophète,Knives Out,Talvar
Charade,Dev.D,Jungfrukällan,The Philadelphia Story,The Night of the Hunter,Days of Heaven
The Manchurian Candidate,Apocalypse Now,Love and Death,Il conformista,North by Northwest,The Great Escape
Spartacus,300,Gladiator,Gandhi,Bronenosets Potemkin,The Adventures of Robin Hood
L'avventura,The Shop Around the Corner,Y tu mamá también,Crimes and Misdemeanors,Blowup,Victoria
Hiroshima mon amour,Raazi,Crimes and Misdemeanors,The Thin Red Line,Doctor Zhivago,To Have and Have Not
The Ten Commandments,Baahubali 2: The Conclusion,Ying xiong,Der Himmel über Berlin,Magnolia,Todo sobre mi madre
The Searchers,The Outlaw Josey Wales,The Last of the Mohicans,Hotaru no haka,Empire of the Sun,Wind River
East of Eden,Guess Who's Coming to Dinner,Tôkyô monogatari,Flipped,Knives Out,The Sting
High Noon,Lucky Number Slevin,Klaus,Jungfrukällan,En man som heter Ove,Kaguyahime no monogatari
Strangers on a Train,Baby Driver,Rope,Dial M for Murder,Drishyam,Trois couleurs: Rouge
Harvey,Miracle on 34th Street,About Time,How to Train Your Dragon,The King of Comedy,"Monsters, Inc."
Miracle on 34th Street,Harvey,About Time,A Christmas Story,It's a Wonderful Life,Kick-Ass
Notorious,Toki o kakeru shôjo,Ah-ga-ssi,The 39 Steps,About Time,Jodaeiye Nader az Simin
The Big Sleep,The Thin Man,The Long Goodbye,In a Lonely Place,Lucky Number Slevin,JFK
The Lost Weekend,Shaun of the Dead,Pink Floyd: The Wall,Requiem for a Dream,Hana-bi,Vivre sa vie: Film en douze tableaux
The Philadelphia Story,His Girl Friday,Breakfast at Tiffany's,Dial M for Murder,Match Point,Trois couleurs: Blanc
His Girl Friday,Trois couleurs: Blanc,The Philadelphia Story,Trois couleurs: Rouge,The Thin Man,Office Space
The Adventures of Robin Hood,Braveheart,A Man for All Seasons,300,Bronenosets Potemkin,Kind Hearts and Coronets
A Night at the Opera,Snatch,Aladdin,"Lock, Stock and Two Smoking Barrels",Andaz Apna Apna,Naked
King Kong,Finding Nemo,L'avventura,The Birds,Blue Velvet,True Romance
Freaks,City Lights,Days of Heaven,The Circus,Il postino,The Little Mermaid
Nosferatu,Annie Hall,Das Cabinet des Dr. Caligari,"Shin seiki Evangelion Gekijô-ban: Air/Magokoro wo, kimi ni",Duck Soup,Zulu
The Gentlemen,Casino,"Lock, Stock and Two Smoking Barrels",Double Indemnity,The Wolf of Wall Street,True Romance
Raazi,To Be or Not to Be,Uri: The Surgical Strike,Zwartboek,Apocalypse Now,Inglourious Basterds
Sound of Metal,A Star Is Born,Shaun of the Dead,The Machinist,Pink Floyd: The Wall,The Lost Weekend
Forushande,Le passé,Kramer vs. Kramer,On Golden Pond,Blood Simple,Rashômon
Dunkirk,Letters from Iwo Jima,Zwartboek,Lawrence of Arabia,Hacksaw Ridge,Joyeux Noël
Perfetti sconosciuti,Jeux d'enfants,The Shop Around the Corner,Y tu mamá también,"Monsters, Inc.",Dil Chahta Hai
Hidden Figures,The Deer Hunter,The Help,Malcolm X,Letters from Iwo Jima,Pride
Paddington 2,Incredibles 2,Klaus,On Golden Pond,Omoide no Mânî,"Crna macka, beli macor"
Udta Punjab,The Deer Hunter,Boyz n the Hood,The Help,Straight Outta Compton,Gisaengchung
Kubo and the Two Strings,Stardust,Beauty and the Beast,Shrek,Jûbê ninpûchô,The Secret of Kells
M.S. Dhoni: The Untold Story,Paan Singh Tomar,Chak De! India,Dangal,Bhaag Milkha Bhaag,The World's Fastest Indian
Manchester by the Sea,Auf der anderen Seite,Searching,Gifted,Haider,Jojo Rabbit
Under sandet,The Bridge on the River Kwai,Idi i smotri,To Be or Not to Be,Inglourious Basterds,Saving Private Ryan
Rogue One,Star Wars: Episode VI - Return of the Jedi,Star Trek II: The Wrath of Khan,Star Wars,The Last of the Mohicans,The Last Emperor
Captain America: Civil War,Avengers: Endgame,Gisaengchung,Batman Begins,Rogue One,Rush
The Hateful Eight,Evil Dead II,Mad Max: Fury Road,"Il buono, il brutto, il cattivo",Mad Max 2,Stardust
Little Women,Amélie,Majo no takkyûbin,La double vie de Véronique,Black,Amores perros
Loving Vincent,Amadeus,The Third Man,The Fall,Les triplettes de Belleville,Indiana Jones and the Last Crusade
Pride,The Trial of the Chicago 7,La battaglia di Algeri,Glory,Hidden Figures,Saving Private Ryan
Le passé,Forushande,Kramer vs. Kramer,On Golden Pond,Mommy,Ôkami kodomo no Ame to Yuki
La grande bellezza,Mulholland Dr.,Dom za vesanje,Cat on a Hot Tin Roof,God's Own Country,Chung Hing sam lam
The Lunchbox,God's Own Country,Delicatessen,Perfetti sconosciuti,Once,Her
Vicky Donor,Philadelphia,Dallas Buyers Club,Boksuneun naui geot,Les yeux sans visage,Sabrina
Big Hero 6,Akira,Toy Story 2,Deadpool 2,Toy Story 4,Les triplettes de Belleville
About Time,Jagten,Toki o kakeru shôjo,Bacheha-Ye aseman,Mr. Nobody,The Butterfly Effect
English Vinglish,Rebecca,Dà hóng denglong gaogao guà,Fried Green Tomatoes,A Night at the Opera,The Notebook
Kaze tachinu,Patton,Letters from Iwo Jima,The Thin Red Line,The Imitation Game,Empire of the Sun
Toy Story 4,Toy Story 2,A Christmas Story,Song of the Sea,Zombieland,Bacheha-Ye aseman
La migliore offerta,Le notti di Cabiria,(500) Days of Summer,The Circus,Jab We Met,All About Eve
Moonrise Kingdom,Rosemary's Baby,Hunt for the Wilderpeople,Zindagi Na Milegi Dobara,Per qualche dollaro in più,Searching
How to Train Your Dragon 2,The Hobbit: An Unexpected Journey,Mononoke-hime,Harry Potter and the Deathly Hallows: Part 1,Star Wars: Episode VII - The Force Awakens,The Lord of the Rings: The Two Towers
The Big Short,The Deer Hunter,Glengarry Glen Ross,Relatos salvajes,Dark Waters,Night on Earth
Kokuhaku,Madeo,Kill Bill: Vol. 1,Road to Perdition,Les diaboliques,Man on Fire
Ang-ma-reul bo-at-da,Batman: Mask of the Phantasm,Se7en,Peeping Tom,Talvar,The Count of Monte Cristo
The Girl with the Dragon Tattoo,Gran Torino,La Vie En Rose,Unforgiven,Das Cabinet des Dr. Caligari,The Bridges of Madison County
Captain Phillips,Lifeboat,Blow,Bronenosets Potemkin,Stalag 17,The Thin Red Line
Ajeossi,White Heat,Chugyeokja,Out of the Past,Despicable Me,Lat sau san taam
Straight Outta Compton,Boyz n the Hood,Ray,Udta Punjab,Once Upon a Time... in Hollywood,Blow
Madeo,Laura,Searching,"Three Billboards Outside Ebbing, Missouri",True Grit,Auf der anderen Seite
Chugyeokja,Gilda,Baby Driver,Tengoku to jigoku,Drive,Psycho
The Hobbit: The Desolation of Smaug,The Hobbit: An Unexpected Journey,The Lord of the Rings: The Two Towers,The Lord of the Rings: The Return of the King,The Lord of the Rings: The Fellowship of the Ring,How to Train Your Dragon 2
Das weiße Band - Eine deutsche Kindergeschichte,Letters from Iwo Jima,Empire of the Sun,The Pianist,The Deer Hunter,La battaglia di Algeri
Män som hatar kvinnor,Blue Velvet,Stand by Me,Madeo,The Girl with the Dragon Tattoo,Wait Until Dark
The Trial of the Chicago 7,Pride,All the President's Men,Die Hard: With a Vengeance,JFK,Judgment at Nuremberg
Druk,Fa yeung nin wah,Das Experiment,The Odd Couple,Les choristes,Relatos salvajes
The Fighter,Cinderella Man,Raging Bull,50/50,Warrior,Jagten
Taken,Philomena,Casablanca,Kahaani,Auf der anderen Seite,A Little Princess
The Boy in the Striped Pyjamas,Under sandet,Ivanovo detstvo,Mary and Max,Celda 211,Taare Zameen Par
Once,La La Land,End of Watch,Night on Earth,"Synecdoche, New York",The Odd Couple
The Hobbit: An Unexpected Journey,The Hobbit: The Desolation of Smaug,The Lord of the Rings: The Return of the King,The Lord of the Rings: The Fellowship of the Ring,The Lord of the Rings: The Two Towers,How to Train Your Dragon 2
Auf der anderen Seite,Dial M for Murder,Kahaani,Madeo,Manchester by the Sea,Searching
Atonement,A Streetcar Named Desire,Hannah and Her Sisters,Léon,The Girl with the Dragon Tattoo,Omohide poro poro
Drive,Baby Driver,Key Largo,Sherlock Jr.,Bonnie and Clyde,The Long Goodbye
American Gangster,The Godfather: Part II,Goodfellas,Serpico,The French Connection,All That Jazz
Avatar,Star Trek Into Darkness,Spider-Man: Into the Spider-Verse,Life of Pi,The Martian,Moon
Mr. Nobody,About Time,Bacheha-Ye aseman,"Monsters, Inc.",Jagten,Toki o kakeru shôjo
Apocalypto,K.G.F: Chapter 1,Smultronstället,Once Were Warriors,Bãhubali: The Beginning,The Message
Little Miss Sunshine,Queen,Rosemary's Baby,Zindagi Na Milegi Dobara,The Peanut Butter Falcon,Manbiki kazoku
Hot Fuzz,In the Heat of the Night,Un prophète,Trois couleurs: Rouge,Million Dollar Baby,Laura
The Curious Case of Benjamin Button,Big Fish,The Last Emperor,The Kid,8½,The Circus
Veer-Zaara,Magnolia,Marriage Story,Amores perros,Zerkalo,Crash
Adams æbler,Der Name der Rose,Un prophète,Okuribito,In the Heat of the Night,Rushmore
Pride & Prejudice,Kal Ho Naa Ho,The Broken Circle Breakdown,Paddington 2,Harold and Maude,My Fair Lady
The World's Fastest Indian,Paan Singh Tomar,Ford v Ferrari,Captain Phillips,Walk the Line,Huo Yuan Jia
Tôkyô goddofâzâzu,The Visitor,Knockin' on Heaven's Door,The Hangover,Lion,28 Days Later...
Serenity,Blade Runner,Alien,Solaris,Star Trek Into Darkness,Star Trek II: The Wrath of Khan
Walk the Line,Ray,Bohemian Rhapsody,The World's Fastest Indian,Hamilton,Goodfellas
Ondskan,Les choristes,Die Welle,Taare Zameen Par,Whiplash,Captain Fantastic
The Notebook,Dev.D,(500) Days of Summer,Jab We Met,La vie d'Adèle,Breakfast at Tiffany's
Diarios de motocicleta,Raging Bull,Boyhood,"Shin seiki Evangelion Gekijô-ban: Air/Magokoro wo, kimi ni",Gully Boy,Veer-Zaara
Lilja 4-ever,Spoorloos,Zombieland,Le Petit Prince,Kal Ho Naa Ho,Dil Bechara
Les triplettes de Belleville,Butch Cassidy and the Sundance Kid,Unforgiven,La Vie En Rose,Incredibles 2,Toy Story 2
Gongdong gyeongbi guyeok JSA,Stalag 17,Saving Private Ryan,No Man's Land,Dawn of the Dead,Ivanovo detstvo
The Count of Monte Cristo,Ben-Hur,Beauty and the Beast,Gladiator,Sanjuro,Kubo and the Two Strings
Waking Life,Naked,Happiness,Relatos salvajes,Arrival,Det sjunde inseglet
Remember the Titans,Les choristes,Hidden Figures,The Blind Side,Dazed and Confused,Moneyball
Wo hu cang long,Stardust,The Secret of Kells,Tenkû no shiro Rapyuta,Life of Pi,Kubo and the Two Strings
Todo sobre mi madre,La vie d'Adèle,Låt den rätte komma in,The Ten Commandments,The Red Shoes,Léon
Cast Away,Close Encounters of the Third Kind,Blowup,Amarcord,The Lost Weekend,Gravity
The Boondock Saints,Batman: Mask of the Phantasm,Lethal Weapon,The Sting,Per qualche dollaro in più,Ocean's Eleven
The Insider,Dark Waters,Mr. Smith Goes to Washington,Almost Famous,Le samouraï,Witness for the Prosecution
October Sky,The World's Fastest Indian,Amadeus,Cinderella Man,Back to the Future,Unforgiven
Shrek,Beauty and the Beast,Rupan sansei: Kariosutoro no shiro,Stardust,The Wizard of Oz,Kubo and the Two Strings
Titanic,Back to the Future,Pan's Labyrinth,Captain Phillips,Call Me by Your Name,Barry Lyndon
Hana-bi,Pink Floyd: The Wall,Falling Down,The Lost Weekend,Relatos salvajes,A Star Is Born
Gattaca,WALL·E,Ex Machina,PK,Interstellar,Brazil
The Game,Misery,Alien,Gattaca,Die Welle,The Prestige
Breaking the Waves,Trois couleurs: Blanc,The Broken Circle Breakdown,The Long Goodbye,Badhaai ho,Yeopgijeogin geunyeo
Ed Wood,Birdman or (The Unexpected Virtue of Ignorance),Adaptation.,Finding Neverland,Shine,Good Will Hunting
What's Eating Gilbert Grape,Secrets & Lies,American Beauty,Captain Fantastic,I Am Sam,The Station Agent
Tombstone,The Godfather: Part III,Cape Fear,A Wednesday,Die Hard: With a Vengeance,Mr. Smith Goes to Washington
The Sandlot,Stardust,Ray,Au revoir les enfants,Call Me by Your Name,Rio Bravo
The Remains of the Day,Joyeux Noël,The Best Years of Our Lives,Letters from Iwo Jima,Platoon,Good Bye Lenin!
Naked,Waking Life,Happiness,Le charme discret de la bourgeoisie,What We Do in the Shadows,The Odd Couple
The Fugitive,Shutter Island,Stalag 17,The Dirty Dozen,25th Hour,Apocalypse Now
A Bronx Tale,Cape Fear,Scarface,Manchester by the Sea,Key Largo,Badhaai ho
Batman: Mask of the Phantasm,Ang-ma-reul bo-at-da,Talvar,Se7en,The Boondock Saints,Minority Report
Lat sau san taam,Per qualche dollaro in più,The French Connection,Zootopia,Serbuan maut,The Departed
Night on Earth,Relatos salvajes,Singin' in the Rain,Fanny och Alexander,Nefes: Vatan Sagolsun,Fantasia
La double vie de Véronique,Hable con ella,When Harry Met Sally...,Hævnen,3 Idiots,The Shop Around the Corner
Boyz n the Hood,Crash,Straight Outta Compton,Magnolia,The Deer Hunter,Udta Punjab
Misery,The Game,Jagten,Captain Fantastic,Sleepers,Good Bye Lenin!
Awakenings,Dawn of the Planet of the Apes,28 Days Later...,Twelve Monkeys,The Shawshank Redemption,Requiem for a Dream
Majo no takkyûbin,Little Women,La vie d'Adèle,Mommy,Amélie,Secrets & Lies
Glory,Lawrence of Arabia,Dunkirk,Hacksaw Ridge,12 Years a Slave,Dances with Wolves
Dip huet seung hung,Beauty and the Beast,Les yeux sans visage,Deadpool,A Star Is Born,The Count of Monte Cristo
Back to the Future Part II,"Shin seiki Evangelion Gekijô-ban: Air/Magokoro wo, kimi ni",Before Midnight,The Nightmare Before Christmas,Up,Citizen Kane
Mississippi Burning,Giù la testa,In the Heat of the Night,Special Chabbis,A Few Good Men,Serbuan maut
Predator,Interstellar,Wind River,Bir Zamanlar Anadolu'da,The Thing,Kelly's Heroes
Evil Dead II,The Hateful Eight,Night of the Living Dead,The Thing,Wait Until Dark,Hauru no ugoku shiro
Ferris Bueller's Day Off,Scent of a Woman,Zelig,"South Park: Bigger, Longer & Uncut",Flipped,Badhaai ho
Down by Law,Papillon,One Flew Over the Cuckoo's Nest,Pink,Cool Hand Luke,The Taking of Pelham One Two Three
The Goonies,Tenkû no shiro Rapyuta,The Lord of the Rings: The Fellowship of the Ring,How to Train Your Dragon 2,Rupan sansei: Kariosutoro no shiro,Toy Story 4
The Color Purple,Trois couleurs: Bleu,The Magdalene Sisters,C.R.A.Z.Y.,Udaan,Once Were Warriors
The Breakfast Club,Flipped,The Odd Couple,Hable con ella,When Harry Met Sally...,Dil Chahta Hai
The Killing Fields,The Last King of Scotland,Bronenosets Potemkin,Full Metal Jacket,Hotel Rwanda,Inglourious Basterds
Ghostbusters,Das Cabinet des Dr. Caligari,Nosferatu,Okuribito,Nefes: Vatan Sagolsun,Singin' in the Rain
The Right Stuff,Nefes: Vatan Sagolsun,Night on Earth,There Will Be Blood,"Shin seiki Evangelion Gekijô-ban: Air/Magokoro wo, kimi ni",The Last Emperor
The King of Comedy,Kick-Ass,Boogie Nights,Nightcrawler,About Time,Sherlock Jr.
E.T. the Extra-Terrestrial,The Iron Giant,Beauty and the Beast,The Martian,The Incredibles,Rebel Without a Cause
Kramer vs. Kramer,On Golden Pond,Cat on a Hot Tin Roof,El secreto de sus ojos,Le passé,En man som heter Ove
Days of Heaven,City Lights,The Night of the Hunter,Sabrina,"Crna macka, beli macor",Shrek
The Outlaw Josey Wales,Glory,The Searchers,A Few Good Men,Saving Private Ryan,Dances with Wolves
The Man Who Would Be King,Braveheart,The Adventures of Robin Hood,12 Years a Slave,Lawrence of Arabia,A Man for All Seasons
The Conversation,Trois couleurs: Rouge,In a Lonely Place,Rear Window,Gone Girl,Who Framed Roger Rabbit
La planète sauvage,Planet of the Apes,Kaze no tani no Naushika,District 9,Invasion of the Body Snatchers,The Day the Earth Stood Still
The Day of the Jackal,Duck Soup,The Naked Gun: From the Files of Police Squad!,Das Cabinet des Dr. Caligari,Stalag 17,"Aguirre, der Zorn Gottes"
Badlands,Belle de jour,Mad Max 2,Rio Bravo,What Ever Happened to Baby Jane?,Bonnie and Clyde
Cabaret,Zwartboek,To Have and Have Not,Schindler's List,The Pianist,The Artist
Willy Wonka & the Chocolate Factory,Stardust,Rupan sansei: Kariosutoro no shiro,Tenkû no shiro Rapyuta,The Goonies,A Christmas Story
Midnight Cowboy,The Visitor,Rebel Without a Cause,Gilda,Barton Fink,The Birds
Wait Until Dark,Rear Window,Saw,Blue Velvet,Män som hatar kvinnor,Reservoir Dogs
Guess Who's Coming to Dinner,Tôkyô monogatari,East of Eden,Rosemary's Baby,Get Out,American Beauty
Bonnie and Clyde,True Romance,À bout de souffle,Drive,Butch Cassidy and the Sundance Kid,Toy Story 2
My Fair Lady,The Naked Gun: From the Files of Police Squad!,Das Cabinet des Dr. Caligari,Annie Hall,Rain Man,Nosferatu
Mary Poppins,Tonari no Totoro,The Illusionist,Stardust,The Muppet Christmas Carol,How to Train Your Dragon 2
The Longest Day,Letters from Iwo Jima,The Thin Red Line,Patton,Joyeux Noël,Dunkirk
Jules et Jim,Vivre sa vie: Film en douze tableaux,Vertigo,Relatos salvajes,Hable con ella,Rosemary's Baby
The Innocents,The Others,Tôkyô monogatari,Rosemary's Baby,Hachi: A Dog's Tale,Jojo Rabbit
À bout de souffle,True Romance,The 39 Steps,Sherlock Jr.,Blood Simple,Bonnie and Clyde
Red River,Road to Perdition,The Revenant,The Remains of the Day,Warrior,The Sandlot
Key Largo,Drive,It Happened One Night,A Bronx Tale,Saw,À bout de souffle
To Have and Have Not,Zwartboek,Schindler's List,Inglourious Basterds,Doctor Zhivago,Ivanovo detstvo
Shadow of a Doubt,Logan,Tangled,A Christmas Story,The Exorcist,The Night of the Hunter
Stagecoach,The Prestige,Jeux d'enfants,Happiness,Y tu mamá también,The Breakfast Club
The Lady Vanishes,Yeopgijeogin geunyeo,Brief Encounter,Darbareye Elly,It Happened One Night,Fried Green Tomatoes
Bringing Up Baby,City Lights,On Golden Pond,Jurassic Park,Rain Man,Paddington 2
Bride of Frankenstein,The Curious Case of Benjamin Button,Deadpool,The Nightmare Before Christmas,Kill Bill: Vol. 2,Frankenstein
Duck Soup,The Day of the Jackal,Das Cabinet des Dr. Caligari,The Great Dictator,Nosferatu,The Naked Gun: From the Files of Police Squad!
Scarface: The Shame of the Nation,Pink Floyd: The Wall,Donnie Brasco,The Godfather,Blazing Saddles,A Star Is Born
Frankenstein,Der Himmel über Berlin,Waking Life,Bride of Frankenstein,Du rififi chez les hommes,The Invisible Man
Roma,Omohide poro poro,The Bridges of Madison County,La règle du jeu,Dazed and Confused,La dolce vita
God's Own Country,The Lunchbox,Klaus,Cat on a Hot Tin Roof,Paddington 2,En man som heter Ove
Deadpool 2,Captain America: The Winter Soldier,Dirty Harry,Jûbê ninpûchô,Star Wars: Episode VII - The Force Awakens,Star Wars
Wind River,In the Heat of the Night,Predator,The Searchers,Django Unchained,Salinui chueok
Get Out,American Beauty,C.R.A.Z.Y.,Guess Who's Coming to Dinner,En man som heter Ove,Ordinary People
Mission: Impossible - Fallout,The Sting,Per qualche dollaro in più,Du rififi chez les hommes,Nefes: Vatan Sagolsun,The Muppet Movie
En man som heter Ove,On Golden Pond,The Station Agent,Me and Earl and the Dying Girl,Cat on a Hot Tin Roof,Silver Linings Playbook
What We Do in the Shadows,Jeux d'enfants,Naked,"Crna macka, beli macor",Trainspotting,"Lock, Stock and Two Smoking Barrels"
Omoide no Mânî,Lilja 4-ever,Paddington 2,Miracle in cell NO.7,Kal Ho Naa Ho,Spoorloos
The Theory of Everything,The Last Emperor,Festen,Marriage Story,Knives Out,Finding Neverland
Kingsman: The Secret Service,The Iron Giant,Kôkaku Kidôtai,White Heat,Enter the Dragon,Akira
The Fault in Our Stars,28 Days Later...,Knockin' on Heaven's Door,Cast Away,Seven Pounds,La dolce vita
Me and Earl and the Dying Girl,Silver Linings Playbook,En man som heter Ove,Jagten,The Station Agent,Hannah and Her Sisters
Birdman or (The Unexpected Virtue of Ignorance),Ed Wood,Once Upon a Time... in Hollywood,Sunset Blvd.,The Pursuit of Happyness,La La Land
La vie d'Adèle,Toki o kakeru shôjo,Amélie,Kaguyahime no monogatari,Kal Ho Naa Ho,The Butterfly Effect
Kai po che!,Ba wang bie ji,Chak De! India,Lagaan: Once Upon a Time in India,Ray,M.S. Dhoni: The Untold Story
The Broken Circle Breakdown,Kal Ho Naa Ho,Pride & Prejudice,Lilja 4-ever,Amour,About Time
Captain America: The Winter Soldier,Deadpool 2,Star Wars: Episode VII - The Force Awakens,Star Trek,The Bourne Ultimatum,Avengers: Endgame
Rockstar,Annie Hall,Lage Raho Munna Bhai,The Peanut Butter Falcon,The Muppet Movie,Soorarai Pottru
Nebraska,Hell or High Water,Fear and Loathing in Las Vegas,25th Hour,The World's Fastest Indian,Creed
Wreck-It Ralph,About Time,Bacheha-Ye aseman,Munna Bhai M.B.B.S.,Jagten,The Iron Giant
Le Petit Prince,Lilja 4-ever,Toki o kakeru shôjo,La vie d'Adèle,About Time,Song of the Sea
Detachment,Les choristes,Hachi: A Dog's Tale,Okuribito,The Sixth Sense,Tôkyô monogatari
Midnight in Paris,After Hours,Manhattan,Taken,The Visitor,Halloween
The Lego Movie,The Terminator,The Avengers,Spider-Man: Into the Spider-Verse,The Fifth Element,Akira
Gravity,Interstellar,Airplane!,Apollo 13,The Martian,Arrival
Star Trek Into Darkness,Avengers: Infinity War,Guardians of the Galaxy,Avengers: Endgame,WALL·E,Twelve Monkeys
Beasts of No Nation,The Last of the Mohicans,Empire of the Sun,The Thin Red Line,The Pianist,Gully Boy
The Social Network,Kramer vs. Kramer,October Sky,Anatomy of a Murder,Walk the Line,Young Frankenstein
X: First Class,The Avengers,Deadpool 2,Star Trek,Logan,Star Wars: Episode VII - The Force Awakens
The Hangover,It Happened One Night,Before Sunrise,After Hours,Zombieland,Perfetti sconosciuti
Skyfall,The 39 Steps,Star Trek,The Bourne Supremacy,Toki o kakeru shôjo,The Dark Knight
Silver Linings Playbook,Me and Earl and the Dying Girl,Lilja 4-ever,On Golden Pond,Jagten,The Station Agent
Argo,Bridge of Spies,Inglourious Basterds,The Dirty Dozen,To Be or Not to Be,Zodiac
(500) Days of Summer,Black,Mimi wo sumaseba,Zelig,Le notti di Cabiria,The Notebook
Harry Potter and the Deathly Hallows: Part 1,Harry Potter and the Deathly Hallows: Part 2,Harry Potter and the Prisoner of Azkaban,Harry Potter and the Half-Blood Prince,Thor: Ragnarok,How to Train Your Dragon 2
Gake no ue no Ponyo,Song of the Sea,Lilja 4-ever,The Florida Project,The Princess Bride,Dil Bechara
Frost/Nixon,All the President's Men,The Last King of Scotland,The Thin Red Line,Patton,Hamilton
Papurika,"Monsters, Inc.",Kimi no na wa.,Dog Day Afternoon,Miracle on 34th Street,Black
Changeling,Incredibles 2,Captain America: The Winter Soldier,Dirty Harry,A Streetcar Named Desire,Gran Torino
Flipped,Lethal Weapon,Dil Chahta Hai,The Breakfast Club,Hable con ella,The Shop Around the Corner
Toki o kakeru shôjo,About Time,La vie d'Adèle,Amélie,"Monsters, Inc.",The Butterfly Effect
Death Note: Desu nôto,Spider-Man: Into the Spider-Verse,Mononoke-hime,The Fifth Element,Harry Potter and the Deathly Hallows: Part 1,Star Trek II: The Wrath of Khan
This Is England,Dil Chahta Hai,Zelig,Kimi no na wa.,The Breakfast Club,"South Park: Bigger, Longer & Uncut"
Ex Machina,Gattaca,Arrival,Interstellar,Relatos salvajes,Inception
Efter brylluppet,A Little Princess,"Swades: We, the People",Finding Nemo,The Exorcist,Shutter Island
The Last King of Scotland,Der Untergang,The Killing Fields,Zwartboek,Schindler's List,The Thin Red Line
Zodiac,Dirty Harry,Argo,Kung fu,The Untouchables,Deadpool 2
Lucky Number Slevin,Dirty Harry,The Warriors,Butch Cassidy and the Sundance Kid,The 39 Steps,The Big Sleep
Joyeux Noël,Letters from Iwo Jima,Dunkirk,Lawrence of Arabia,Hacksaw Ridge,The Thin Red Line
Control,Bohemian Rhapsody,Ray,Malcolm X,Walk the Line,Amadeus
Tangled,Amélie,Toki o kakeru shôjo,Kaguyahime no monogatari,The Wizard of Oz,Logan
Zwartboek,Schindler's List,Inglourious Basterds,Dunkirk,The Pianist,To Be or Not to Be
Brokeback Mountain,Giant,Vivre sa vie: Film en douze tableaux,Sin City,Crash,Touch of Evil
3:10 to Yuma,Rio Bravo,À bout de souffle,True Romance,First Blood,Jaws
Crash,Magnolia,Amores perros,Happiness,Hævnen,Boyz n the Hood
Kung fu,Zodiac,The Untouchables,Inglourious Basterds,Tropa de Elite 2: O Inimigo Agora é Outro,Bronenosets Potemkin
The Bourne Supremacy,The Bourne Ultimatum,Man on Fire,The 39 Steps,Skyfall,Sherlock Jr.
The Machinist,Cape Fear,Badhaai ho,Groundhog Day,In a Lonely Place,Sound of Metal
Ray,Walk the Line,Malcolm X,Straight Outta Compton,Control,Cinderella Man
Lost in Translation,Sunset Blvd.,Mysterious Skin,Roman Holiday,As Good as It Gets,Rebel Without a Cause
Harry Potter and the Goblet of Fire,Vertigo,The Nightmare Before Christmas,Billy Elliot,The Circus,Låt den rätte komma in
Man on Fire,Gladiator,The Bourne Supremacy,Serpico,The Fugitive,Kokuhaku
Coraline,Black,Amélie,Le Petit Prince,Sen to Chihiro no kamikakushi,Harry Potter and the Sorcerer's Stone
The Last Samurai,Ying xiong,Iron Man,Paths of Glory,Dances with Wolves,Apocalypse Now
The Magdalene Sisters,The Color Purple,Night of the Living Dead,In America,Once Were Warriors,Short Term 12
Good Bye Lenin!,Philomena,Mulan,Misery,Dark City,Central do Brasil
In America,Trois couleurs: Bleu,Roma,Tôkyô goddofâzâzu,Modern Times,The Magdalene Sisters
I Am Sam,Capharnaüm,What's Eating Gilbert Grape,Taare Zameen Par,Home Alone,Gifted
Adaptation.,Shine,My Fair Lady,Black Swan,This Is Spinal Tap,Annie Hall
Black Hawk Down,Saving Private Ryan,The Dirty Dozen,Sicario,Uri: The Surgical Strike,Apocalypse Now
Road to Perdition,Haider,Gladiator,Le passé,Koe no katachi,Ben-Hur
Das Experiment,Fa yeung nin wah,Funny Games,Jeux d'enfants,Le salaire de la peur,"Monsters, Inc."
Billy Elliot,Les quatre cents coups,The Graduate,Rebel Without a Cause,The Red Shoes,Pink Floyd: The Wall
Hedwig and the Angry Inch,All That Jazz,Almost Famous,Bohemian Rhapsody,Straight Outta Compton,Les triplettes de Belleville
Ocean's Eleven,The Killing,Die Hard: With a Vengeance,A Few Good Men,The Naked Gun: From the Files of Police Squad!,Special Chabbis
Vampire Hunter D: Bloodlust,The Exorcist,Django Unchained,A Little Princess,Ben-Hur,Terminator 2: Judgment Day
"O Brother, Where Art Thou?",The Treasure of the Sierra Madre,"Aguirre, der Zorn Gottes",No Country for Old Men,Kung fu,Sholay
Interstate 60: Episodes of the Road,About Time,Deliverance,Jagten,Bacheha-Ye aseman,3 Idiots
"South Park: Bigger, Longer & Uncut",Badhaai ho,When Harry Met Sally...,"Monsters, Inc.",The Breakfast Club,Ferris Bueller's Day Off
Office Space,Trois couleurs: Rouge,The Sting,Ferris Bueller's Day Off,His Girl Friday,On the Waterfront
Happiness,Crash,Amores perros,Falling Down,End of Watch,Waking Life
Training Day,Lat sau san taam,Mou gaan dou,Who Framed Roger Rabbit,Drive,Laura
Rushmore,Dead Poets Society,Das Cabinet des Dr. Caligari,"Shin seiki Evangelion Gekijô-ban: Air/Magokoro wo, kimi ni",Nosferatu,The Naked Gun: From the Files of Police Squad!
Abre los ojos,Les yeux sans visage,Jagten,It's a Wonderful Life,About Time,Ikiru
Being John Malkovich,The Purple Rose of Cairo,Toy Story,Lost Highway,Black Swan,Annie Hall
As Good as It Gets,Lost in Translation,Pulp Fiction,21 Grams,La La Land,Chung Hing sam lam
The Fifth Element,Spider-Man: Into the Spider-Verse,Death Note: Desu nôto,Star Trek II: The Wrath of Khan,WALL·E,Star Trek Into Darkness
Le dîner de cons,Festen,The Hangover,Ratatouille,Ferris Bueller's Day Off,"Planes, Trains & Automobiles"
Donnie Brasco,Scarface: The Shame of the Nation,Chinatown,The Departed,Lat sau san taam,Brazil
Shine,Adaptation.,Höstsonaten,Amour,This Is Spinal Tap,Rain Man
Primal Fear,Madeo,Un prophète,JFK,Badhaai ho,Laura
Hamlet,The Lion King,The Nightmare Before Christmas,Ben-Hur,The Lion in Winter,The Adventures of Robin Hood
A Little Princess,Jojo Rabbit,The Exorcist,Vampire Hunter D: Bloodlust,Searching,Udaan
Do lok tin si,The Godfather: Part II,Goodfellas,The Wolf of Wall Street,White Heat,American Gangster
Il postino,My Fair Lady,Roman Holiday,City Lights,Freaks,Zelig
Clerks,A Night at the Opera,"South Park: Bigger, Longer & Uncut",The Shop Around the Corner,Perfetti sconosciuti,Bonnie and Clyde
Short Cuts,Gully Boy,Vizontele,Glengarry Glen Ross,Shaun of the Dead,Relatos salvajes
Philadelphia,The Verdict,Vicky Donor,Anatomy of a Murder,Minority Report,Dark Waters
The Muppet Christmas Carol,The Curious Case of Benjamin Button,Amarcord,Finding Neverland,The Nightmare Before Christmas,The Last Emperor
Malcolm X,Ray,Gandhi,Blow,The Last King of Scotland,Hidden Figures
The Last of the Mohicans,Dunkirk,Empire of the Sun,Patton,Beasts of No Nation,The Thin Red Line
Kurenai no buta,Kaze tachinu,Empire of the Sun,Patton,Hotaru no haka,Dunkirk
Glengarry Glen Ross,Short Cuts,Giant,Talvar,Singin' in the Rain,Relatos salvajes
A Few Good Men,Zulu,JFK,Das Cabinet des Dr. Caligari,Mississippi Burning,Ocean's Eleven
Fried Green Tomatoes,Central do Brasil,Pâfekuto burû,After Hours,Dark City,The Station Agent
Barton Fink,Once Upon a Time... in Hollywood,The Muppet Movie,Dancer in the Dark,The Circus,The Purple Rose of Cairo
Miller's Crossing,The Untouchables,Yôjinbô,On the Waterfront,Rio Bravo,Lat sau san taam
Who Framed Roger Rabbit,Les diaboliques,Le samouraï,Training Day,Reservoir Dogs,12 Angry Men
Spoorloos,Lilja 4-ever,Dil Bechara,Silver Linings Playbook,Amour,Yeopgijeogin geunyeo
Withnail & I,Fear and Loathing in Las Vegas,Requiem for a Dream,The Lost Weekend,Birdman or (The Unexpected Virtue of Ignorance),Cast Away
The Last Emperor,Bhaag Milkha Bhaag,Persepolis,Gully Boy,The Curious Case of Benjamin Button,Ying xiong
Empire of the Sun,Hotaru no haka,The Pianist,Idi i smotri,Patton,The Last of the Mohicans
Der Name der Rose,Knives Out,Adams æbler,Talvar,Persepolis,Das Cabinet des Dr. Caligari
Blue Velvet,Salinui chueok,Män som hatar kvinnor,Wait Until Dark,Eastern Promises,Mad Max: Fury Road
The Purple Rose of Cairo,Amarcord,The Bridges of Madison County,Dancer in the Dark,Being John Malkovich,Roma
After Hours,Yeopgijeogin geunyeo,Victoria,The Hangover,Brief Encounter,Fried Green Tomatoes
Zelig,(500) Days of Summer,Deadpool,This Is England,The Circus,The Truman Show
The Verdict,12 Angry Men,Philadelphia,Witness for the Prosecution,Dark Waters,Contratiempo
Star Trek II: The Wrath of Khan,Star Wars: Episode VI - Return of the Jedi,Star Wars,Star Trek Into Darkness,Thor: Ragnarok,Star Wars: Episode VII - The Force Awakens
First Blood,Black Hawk Down,Dances with Wolves,The Outlaw Josey Wales,Predator,Paths of Glory
Ordinary People,Gisaengchung,Kramer vs. Kramer,On Golden Pond,Cat on a Hot Tin Roof,Sense and Sensibility
Airplane!,Gravity,Knockin' on Heaven's Door,The Martian,Singin' in the Rain,Drishyam
Rupan sansei: Kariosutoro no shiro,Shrek,Jûbê ninpûchô,Tenkû no shiro Rapyuta,"Il buono, il brutto, il cattivo",The Secret of Kells
Halloween,Zodiac,Shutter Island,The Third Man,The Dark Knight Rises,Midnight in Paris
Le locataire,Les quatre cents coups,Chinatown,Pink Floyd: The Wall,Rear Window,Brazil
Love and Death,Spartacus,Gladiator,The Manchurian Candidate,Il conformista,Fiddler on the Roof
The Taking of Pelham One Two Three,Down by Law,M - Eine Stadt sucht einen Mörder,Dog Day Afternoon,Reservoir Dogs,Saw
Blazing Saddles,Gladiator,Il conformista,Sholay,V for Vendetta,Sanjuro
Serpico,On the Waterfront,American Gangster,Serbuan maut 2: Berandal,Man on Fire,Office Space
Enter the Dragon,Kingsman: The Secret Service,The Magnificent Seven,Lat sau san taam,White Heat,Ratatouille
Deliverance,Interstate 60: Episodes of the Road,The World's Fastest Indian,Mulholland Dr.,Up,Toy Story 4
The French Connection,The Departed,Lat sau san taam,The Thin Man,American Gangster,Per qualche dollaro in più
Dirty Harry,Deadpool 2,Unforgiven,Lucky Number Slevin,Zodiac,Gran Torino
Where Eagles Dare,Stalag 17,Kelly's Heroes,The Bridge on the River Kwai,Inglourious Basterds,Judgment at Nuremberg
The Odd Couple,Dil Chahta Hai,The Breakfast Club,Happiness,Hable con ella,Flipped
The Dirty Dozen,Inglourious Basterds,Apocalypse Now,Zwartboek,Stalag 17,Hacksaw Ridge
Belle de jour,Queen,Badlands,Rosemary's Baby,Brief Encounter,Jab We Met
A Man for All Seasons,Braveheart,The King's Speech,The Adventures of Robin Hood,Lawrence of Arabia,The Lion in Winter
Repulsion,American Beauty,Falling Down,Vertigo,A Streetcar Named Desire,The Color Purple
Zulu,Nefes: Vatan Sagolsun,A Few Good Men,"Shin seiki Evangelion Gekijô-ban: Air/Magokoro wo, kimi ni",Das Cabinet des Dr. Caligari,Nosferatu
Goldfinger,The Naked Gun: From the Files of Police Squad!,Casino Royale,Ocean's Eleven,Inside Man,Citizen Kane
The Birds,Victoria,Zodiac,Blood Simple,Jaws,Moonrise Kingdom
Cape Fear,The Long Goodbye,The Machinist,A Bronx Tale,Madeo,Trois couleurs: Blanc
Peeping Tom,Blowup,Ang-ma-reul bo-at-da,Rope,Trois couleurs: Rouge,Singin' in the Rain
The Magnificent Seven,Shichinin no samurai,Kakushi-toride no san-akunin,Zulu,Nefes: Vatan Sagolsun,Uri: The Surgical Strike
Les yeux sans visage,Abre los ojos,Ikiru,Deadpool,The Invisible Man,Drishyam
Invasion of the Body Snatchers,The Thing,La planète sauvage,Shaun of the Dead,Frankenstein,PK
Rebel Without a Cause,Billy Elliot,Les quatre cents coups,Jab We Met,Breakfast at Tiffany's,The Notebook
The Ladykillers,Snatch,Nueve reinas,Double Indemnity,Delicatessen,Mustang
Sabrina,Days of Heaven,Sherlock Jr.,Manhattan,Breakfast at Tiffany's,(500) Days of Summer
The Quiet Man,Warrior,"Swades: We, the People",Hamlet,Gifted,Sling Blade
The Day the Earth Stood Still,PK,Planet of the Apes,The Avengers,Twelve Monkeys,Barfi!
The African Queen,Lifeboat,To Have and Have Not,Captain Phillips,The Bridge on the River Kwai,Bridge of Spies
Gilda,Chugyeokja,Psycho,Crimes and Misdemeanors,Boksuneun naui geot,Tengoku to jigoku
Fantasia,Relatos salvajes,Amarcord,Magnolia,The Message,Singin' in the Rain
The Invisible Man,Der Himmel über Berlin,Kimi no na wa.,Les yeux sans visage,Groundhog Day,The Butterfly Effect
Dark Waters,The Verdict,Talvar,Philadelphia,The Insider,Inherit the Wind
Searching,Kahaani,Madeo,Badhaai ho,Auf der anderen Seite,Prisoners
Once Upon a Time... in Hollywood,Straight Outta Compton,The Artist,Birdman or (The Unexpected Virtue of Ignorance),Bohemian Rhapsody,Ray
Nelyubov,Eternal Sunshine of the Spotless Mind,Mystic River,Trois couleurs: Bleu,Mommy,Zindagi Na Milegi Dobara
The Florida Project,Sen to Chihiro no kamikakushi,Gake no ue no Ponyo,Wonder,Le Petit Prince,Coraline
Just Mercy,To Kill a Mockingbird,A Few Good Men,25th Hour,Judgment at Nuremberg,The Hurricane
Gifted,Mommy,The Graduate,Sling Blade,Manchester by the Sea,On Golden Pond
The Peanut Butter Falcon,Munna Bhai M.B.B.S.,The Circus,Wreck-It Ralph,Rockstar,Million Dollar Baby
Victoria,Manhattan,Breakfast at Tiffany's,After Hours,Zindagi Na Milegi Dobara,Sleuth
Mustang,Funny Games,Das Experiment,A Night at the Opera,The Ladykillers,Kakushi-toride no san-akunin
Guardians of the Galaxy Vol. 2,Avengers: Endgame,The Avengers,Avengers: Infinity War,Spider-Man: Into the Spider-Verse,Star Wars
Baby Driver,Drive,White Heat,Chugyeokja,The Long Goodbye,Ah-ga-ssi
Only the Brave,Giant,The World's Fastest Indian,Mad Max 2,Nefes: Vatan Sagolsun,The Usual Suspects
Bridge of Spies,The Dirty Dozen,Ivanovo detstvo,Argo,Stalag 17,To Be or Not to Be
Incredibles 2,Paddington 2,Toy Story 2,Changeling,Les triplettes de Belleville,Unforgiven
Moana,Mononoke-hime,The Lord of the Rings: The Fellowship of the Ring,The Lord of the Rings: The Two Towers,The Lord of the Rings: The Return of the King,Thor: Ragnarok
Sicario,Black Hawk Down,The Dirty Dozen,Blow,Apocalypse Now,The Deer Hunter
Creed,Huo Yuan Jia,Warrior,Walk the Line,Chak De! India,Hamilton
Leviafan,Vikram Vedha,The 39 Steps,Mandariinid,Lilja 4-ever,Yip Man
Hell or High Water,Nebraska,Gifted,Le passé,Road to Perdition,The Pursuit of Happyness
Philomena,Good Bye Lenin!,Children of Men,Kahaani,Central do Brasil,Taken
Dawn of the Planet of the Apes,Twelve Monkeys,Awakenings,Planet of the Apes,District 9,Once Were Warriors
El cuerpo,Bir Zamanlar Anadolu'da,Okuribito,Shutter Island,Män som hatar kvinnor,Un prophète
Serbuan maut,The Silence of the Lambs,The Bourne Ultimatum,Giù la testa,Special Chabbis,Lat sau san taam
End of Watch,Crash,Happiness,Boyz n the Hood,Amores perros,Relatos salvajes
Kari-gurashi no Arietti,Amour,Omoide no Mânî,Paddington 2,The Others,Rosemary's Baby
A Star Is Born,Pink Floyd: The Wall,Sound of Metal,The Wrestler,Sunset Blvd.,Billy Elliot
True Grit,Madeo,Searching,The Fugitive,Lat sau san taam,Django Unchained
Hævnen,Crash,Amores perros,Dil Chahta Hai,Kimi no na wa.,Happiness
Despicable Me,Dev.D,The Matrix,Baby Driver,Les diaboliques,Ajeossi
50/50,Wonder,The Fighter,Me and Earl and the Dying Girl,Anand,The Princess Bride
Kick-Ass,The King of Comedy,Toki o kakeru shôjo,The Butterfly Effect,About Time,Mimi wo sumaseba
Celda 211,Platoon,The Fall,Rang De Basanti,The Help,The Boy in the Striped Pyjamas
Moneyball,Remember the Titans,Ex Machina,Sicario,Chak De! India,Hidden Figures
La piel que habito,The Elephant Man,Edward Scissorhands,Hauru no ugoku shiro,Her,Vertigo
Zombieland,Lilja 4-ever,Toy Story 2,The Wizard of Oz,Song of the Sea,True Romance
Die Welle,Captain Fantastic,Happiness,Ondskan,The Game,About Time
Sherlock Holmes,The Dark Knight,Jûbê ninpûchô,Joker,Platoon,Rupan sansei: Kariosutoro no shiro
The Blind Side,Wonder,Remember the Titans,Ray,Creed,Philomena
The Visitor,Breakfast at Tiffany's,Dancer in the Dark,Midnight Cowboy,Auf der anderen Seite,Tôkyô goddofâzâzu
Seven Pounds,Life of Pi,WALL·E,Mysterious Skin,Andhadhun,Beauty and the Beast
Eastern Promises,Madeo,Lost Highway,Blue Velvet,"4 luni, 3 saptamâni si 2 zile",Searching
Stardust,Wo hu cang long,Shrek,Kubo and the Two Strings,The Secret of Kells,The Princess Bride
The Secret of Kells,Wo hu cang long,Jûbê ninpûchô,Stardust,Hauru no ugoku shiro,Kubo and the Two Strings
Inside Man,Blood Diamond,Double Indemnity,The Maltese Falcon,Goldfinger,Tengoku to jigoku
Gone Baby Gone,Talvar,Prisoners,In the Heat of the Night,The Kid,Primal Fear
La Vie En Rose,Léon,Les triplettes de Belleville,The Girl with the Dragon Tattoo,Control,Amadeus
Huo Yuan Jia,Paan Singh Tomar,Creed,Chak De! India,Dangal,The Day of the Jackal
The Illusionist,There Will Be Blood,Mary Poppins,Portrait de la jeune fille en feu,The Hustler,Barry Lyndon
Dead Man's Shoes,Udaan,A Bronx Tale,American History X,The Outlaw Josey Wales,Capharnaüm
Harry Potter and the Half-Blood Prince,Harry Potter and the Deathly Hallows: Part 2,Harry Potter and the Prisoner of Azkaban,Harry Potter and the Deathly Hallows: Part 1,Harry Potter and the Sorcerer's Stone,Indiana Jones and the Last Crusade
300,Spartacus,"Aguirre, der Zorn Gottes",The Adventures of Robin Hood,Duck Soup,Ying xiong
Match Point,Manhattan,Hannah and Her Sisters,Lilja 4-ever,Me and Earl and the Dying Girl,Silver Linings Playbook
Watchmen,Avengers: Endgame,A Wednesday,The Fifth Element,X-Men: Days of Future Past,The Dark Knight
Lord of War,The Last Samurai,The French Connection,Donnie Brasco,Glengarry Glen Ross,Batman: Mask of the Phantasm
Saw,Reservoir Dogs,Sleepers,Rope,The Hangover,The Usual Suspects
"Synecdoche, New York",Nuovo Cinema Paradiso,Once,Fantasia,Amarcord,Hamilton
Mysterious Skin,Lost in Translation,Vertigo,Zootopia,Seven Pounds,Rebel Without a Cause
Jeux d'enfants,"Monsters, Inc.",Perfetti sconosciuti,The Prestige,What We Do in the Shadows,The Shop Around the Corner
Un long dimanche de fiançailles,Empire of the Sun,Idi i smotri,The Pianist,The Last of the Mohicans,Letters from Iwo Jima
The Station Agent,Jagten,En man som heter Ove,Silver Linings Playbook,The Wizard of Oz,Logan
21 Grams,As Good as It Gets,Gifted,Mommy,The Graduate,Knives Out
Boksuneun naui geot,Tengoku to jigoku,Gilda,The Night of the Hunter,Psycho,Days of Heaven
Finding Neverland,Kaze tachinu,The Irishman,The Theory of Everything,Cinderella Man,Adaptation.
25th Hour,Capharnaüm,The Fugitive,Cool Hand Luke,Just Mercy,The Trial of the Chicago 7
The Butterfly Effect,About Time,Toki o kakeru shôjo,Bacheha-Ye aseman,La vie d'Adèle,Jagten
28 Days Later...,Knockin' on Heaven's Door,The Fault in Our Stars,Gravity,Bir Zamanlar Anadolu'da,Awakenings
Batoru rowaiaru,The Dirty Dozen,Inglourious Basterds,La Grande Illusion,Zwartboek,Letters from Iwo Jima
The Royal Tenenbaums,The Odd Couple,Flipped,Hable con ella,The Shawshank Redemption,Le charme discret de la bourgeoisie
Y tu mamá también,Funny Games,Perfetti sconosciuti,Jeux d'enfants,Before Sunrise,Zombieland
Harry Potter and the Sorcerer's Stone,Harry Potter and the Half-Blood Prince,The Matrix,Sen to Chihiro no kamikakushi,How to Train Your Dragon,Harry Potter and the Deathly Hallows: Part 1
The Others,The Innocents,Rosemary's Baby,Mommy,Hachi: A Dog's Tale,Fried Green Tomatoes
Blow,The Last King of Scotland,Captain Phillips,Goodfellas,Malcolm X,The Untouchables
Enemy at the Gates,The Last of the Mohicans,Zulu,Dunkirk,The Thin Red Line,Saving Private Ryan
Minority Report,12 Angry Men,Pink,M - Eine Stadt sucht einen Mörder,Philadelphia,Uri: The Surgical Strike
The Hurricane,Cinderella Man,Raging Bull,Just Mercy,The Blues Brothers,Anatomy of a Murder
American Psycho,Taxi Driver,Joker,The Godfather: Part II,Casino,Short Term 12
Lola rennt,Contratiempo,The Killing,The Sting,"Shin seiki Evangelion Gekijô-ban: Air/Magokoro wo, kimi ni",Nefes: Vatan Sagolsun
The Thin Red Line,Patton,Letters from Iwo Jima,Dunkirk,Zwartboek,Hacksaw Ridge
Mulan,Ben-Hur,Good Bye Lenin!,Wo hu cang long,Kaguyahime no monogatari,Tangled
Fear and Loathing in Las Vegas,Delicatessen,Nebraska,Withnail & I,Le charme discret de la bourgeoisie,Ocean's Eleven
Funny Games,Das Experiment,Who's Afraid of Virginia Woolf?,Y tu mamá también,Jeux d'enfants,Fa yeung nin wah
Dark City,About Time,Jagten,Black,Smultronstället,Hera Pheri
Sleepers,Koe no katachi,Au revoir les enfants,Saw,Blood Simple,Misery
Lost Highway,White Heat,Eastern Promises,The Long Goodbye,Double Indemnity,Road to Perdition
Sense and Sensibility,Kind Hearts and Coronets,The Lion in Winter,The Lion King,Ordinary People,Fargo
Die Hard: With a Vengeance,Die Hard,Ocean's Eleven,The Trial of the Chicago 7,Stalag 17,The Day of the Jackal
Dead Man,Wo hu cang long,Stand by Me,Stardust,Det sjunde inseglet,Life of Pi
The Bridges of Madison County,The Irishman,Roma,Up,The Girl with the Dragon Tattoo,Citizen Kane
Apollo 13,Interstellar,The Martian,Gravity,Hidden Figures,Avengers: Endgame
Trois couleurs: Blanc,Badhaai ho,His Girl Friday,In a Lonely Place,Dial M for Murder,The Long Goodbye
Falling Down,Happiness,Hana-bi,Pink Floyd: The Wall,Barfi!,Relatos salvajes
Dazed and Confused,Boyhood,La haine,Roma,Remember the Titans,Rushmore
My Cousin Vinny,The Hangover,Rio Bravo,Rope,It Happened One Night,Pink
Omohide poro poro,Roma,Call Me by Your Name,Mary and Max,Udaan,Atonement
Delicatessen,Le charme discret de la bourgeoisie,Fear and Loathing in Las Vegas,Amarcord,The Lunchbox,Le locataire
Home Alone,Taare Zameen Par,Lion,Udaan,Capharnaüm,Manbiki kazoku
The Godfather: Part III,The Godfather: Part II,The Pursuit of Happyness,The Godfather,Kind Hearts and Coronets,Coco
When Harry Met Sally...,Hable con ella,Before Sunrise,La double vie de Véronique,The Breakfast Club,3 Idiots
The Little Mermaid,Der Himmel über Berlin,Beauty and the Beast,Shrek,Gake no ue no Ponyo,Ben-Hur
The Naked Gun: From the Files of Police Squad!,The Day of the Jackal,My Fair Lady,Das Cabinet des Dr. Caligari,Duck Soup,Goldfinger
"Planes, Trains & Automobiles",The Straight Story,Aladdin,Fantastic Mr. Fox,Le dîner de cons,City Lights
Lethal Weapon,Flipped,Per qualche dollaro in più,Hable con ella,The Sting,The Avengers
Blood Simple,À bout de souffle,En man som heter Ove,Sleepers,Donnie Darko,Le passé
On Golden Pond,Kramer vs. Kramer,En man som heter Ove,Amour,Silver Linings Playbook,Hannah and Her Sisters
Mad Max 2,Mad Max: Fury Road,The Hateful Eight,Badlands,Night of the Living Dead,Pan's Labyrinth
The Warriors,Lucky Number Slevin,"Monsters, Inc.",The 39 Steps,Butch Cassidy and the Sundance Kid,True Romance
The Muppet Movie,The Circus,Rockstar,Zelig,Toy Story 2,The Sting
Escape from Alcatraz,La Grande Illusion,Yip Man,Ba wang bie ji,Twelve Monkeys,Celda 211
Watership Down,How to Train Your Dragon 2,Blade Runner,Tonari no Totoro,Ôkami kodomo no Ame to Yuki,Fantastic Mr. Fox
Midnight Express,Un prophète,Cool Hand Luke,Shutter Island,Eskiya,Die Hard: With a Vengeance
Close Encounters of the Third Kind,Cast Away,Groundhog Day,Rear Window,Moon,Up
The Long Goodbye,Cape Fear,The Thin Man,Trois couleurs: Blanc,The Big Sleep,Drive
Giù la testa,Special Chabbis,Mississippi Burning,Stalag 17,Serbuan maut,Glory
Kelly's Heroes,Saving Private Ryan,Black Hawk Down,Predator,Under sandet,Where Eagles Dare
The Jungle Book,Zulu,Soorarai Pottru,The Muppet Movie,Fantastic Mr. Fox,The Lord of the Rings: The Return of the King
Blowup,Peeping Tom,Rope,Trois couleurs: Rouge,Lost in Translation,Rosemary's Baby
A Hard Day's Night,Bohemian Rhapsody,Les triplettes de Belleville,Walk the Line,Almost Famous,Jeux d'enfants
Breakfast at Tiffany's,Victoria,Yeopgijeogin geunyeo,The Notebook,Manhattan,The Visitor
Giant,Touch of Evil,Knives Out,Brokeback Mountain,Glengarry Glen Ross,La dolce vita
From Here to Eternity,Tropa de Elite,Dances with Wolves,Paths of Glory,A Few Good Men,Ivanovo detstvo
Lifeboat,Captain Phillips,Letters from Iwo Jima,Bronenosets Potemkin,Saving Private Ryan,Hacksaw Ridge
The 39 Steps,Vikram Vedha,À bout de souffle,Leviafan,True Romance,The Warriors
